{"date":"20160521","stories":[{"images":["http:\/\/pic1.zhimg.com\/c98504a53faa67a634e123ac6b149c98.jpg"],"type":0,"id":8330131,"ga_prefix":"052109","title":"自信一点，让「原来你是女生啊」的惊叹越来越少"},{"images":["http:\/\/pic4.zhimg.com\/5b9852f828092522d638a6b44b0c515b.jpg"],"type":0,"id":8329035,"ga_prefix":"052108","title":"哪部纪录片让你感到特别开阔眼界、增长见识？"},{"images":["http:\/\/pic1.zhimg.com\/f1e18555a0587e6c0894dbba1a578f10.jpg"],"type":0,"id":8308535,"ga_prefix":"052107","title":"汉堡有荤有素，为什么还被认为是垃圾食品？"},{"images":["http:\/\/pic2.zhimg.com\/12f8632ad283741e3b94d861f655d999.jpg"],"type":0,"id":8328762,"ga_prefix":"052107","title":"除了仰望星空，平时天文学家们还在干些什么？"},{"images":["http:\/\/pic3.zhimg.com\/1ea47750232e271f3aa9bbfc6b19141e.jpg"],"type":0,"id":8328149,"ga_prefix":"052107","title":"同性恋、双性恋、跨性别……这些知识不应该只靠「自学」"},{"images":["http:\/\/pic1.zhimg.com\/dc7309cb8e7a0fc0afe956d04e910f6c.jpg"],"type":0,"id":8331733,"ga_prefix":"052107","title":"读读日报 24 小时热门 TOP 5 · 林心如等到霍建华"},{"images":["http:\/\/pic1.zhimg.com\/f4683e947914fede7c9d6aec36750e64.jpg"],"type":0,"id":8326549,"ga_prefix":"052106","title":"瞎扯 · 521"}],"top_stories":[{"image":"http:\/\/pic3.zhimg.com\/1f9506d28763b0642b984f27491cac9a.jpg","type":0,"id":8328149,"ga_prefix":"052107","title":"同性恋、双性恋、跨性别……这些知识不应该只靠「自学」"},{"image":"http:\/\/pic2.zhimg.com\/4c6d4cd52e9c9d921d4e6c931e3f5291.jpg","type":0,"id":8331733,"ga_prefix":"052107","title":"读读日报 24 小时热门 TOP 5 · 林心如等到霍建华"},{"image":"http:\/\/pic2.zhimg.com\/82c501c7a9383458313bf27b87ffcb2d.jpg","type":0,"id":8329035,"ga_prefix":"052108","title":"哪部纪录片让你感到特别开阔眼界、增长见识？"},{"image":"http:\/\/pic2.zhimg.com\/5154ebad17b4987a0eef7d768434ce91.jpg","type":0,"id":8329827,"ga_prefix":"052021","title":"「女孩与妖怪」说的不是《千与千寻》，是这部治愈系动画"},{"image":"http:\/\/pic4.zhimg.com\/d3e86b878dec9fc70d5dbf4ea43460b7.jpg","type":0,"id":8323290,"ga_prefix":"052012","title":"大误 · 我变成了一个偷窥狂"}]}