{"result":{"operationList":[{"operationName":"choosePromotion"},{"operationName":"chooseAddress"},{"operationName":"chooseModou"}],"modouAvailable":0,"selectedPromotionList":[],"modouInUse":0,"modouTip":{"text":"\u4F7F\u7528\u8611\u8C46\u4EC5\u9650\u5FEB\u6377\u652F\u4ED8\u54E6\u007E","bg":"\u0023ee3322"},"haigouAuthInfo":{},"modouInUseEsc":"","shopGroupList":[{"skuGroupList":[{"operationList":[{"operationName":"modifySkuQuantity"},{"operationName":"chooseSkuPromotion"}],"selectedPromotionList":[{"promotionKey":"discount_7268101","promotionDesc":"7\u6298","discountFee":1234}],"itemId":600479066,"currency":"RMB","skuNowPrice":2880,"imgUrl":"http\u003A\u002F\u002Fs16.mogucdn.com\u002Fp1\u002F160513\u002F129267615_ie4diyrymuzdkmjyhazdambqgiyde_640x960.jpg","title":"\u3010\u6B22\u4E50\u9882\u540C\u6B3E\u30112016\u97E9\u7248\u65B0\u6B3E\u7EAF\u8272T\u6064","skuPrice":4114,"inventory":999,"promotionList":[{"promotionKey":"discount_7268101","promotionDesc":"7\u6298","discountFee":1234},{"promotionKey":"empty_0_0","promotionDesc":"\u4E0D\u4F7F\u7528\u4F18\u60E0"}],"skuAttrList":[{"attributeValue":"\u7EA2\u8272","attributeKey":"\u989C\u8272"},{"attributeValue":"L","attributeKey":"\u5C3A\u7801"}],"quantity":1,"skuIdEsc":"1kncvac","itemIdEsc":"1jv0p9o","totalPrice":2880}],"selectedLogistics":{},"operationList":[{"operationName":"chooseShopPromotion"},{"operationName":"chooseExpress"},{"operationName":"openPrivateMsg"},{"operationName":"addComment"}],"selectedPromotionList":[],"shopIdEsc":"1q4exk","buyerComment":"","logisticsList":[],"shopLogoUrl":"http\u003A\u002F\u002Fs22.mogucdn.com\u002Fp1\u002F160301\u002F24ynj3_ie4dkylbgaygkojqg4zdambqgiyde_200x200.jpg","shopName":"\u5FC5\u7206\u5BB6","promotionList":[],"tagList":[{"type":2,"image":"http\u003A\u002F\u002Fs17.mogucdn.com\u002Fp1\u002F150923\u002Fupload_ieztomzrmeydmmlegmzdambqgyyde_147x23.png"}],"sellerUserId":129267615,"totalPrice":2880},{"skuGroupList":[{"operationList":[{"operationName":"modifySkuQuantity"},{"operationName":"chooseSkuPromotion"}],"selectedPromotionList":[{"promotionKey":"discount_8091567","promotionDesc":"7\u6298","discountFee":5970}],"itemId":257142841,"currency":"RMB","skuNowPrice":13930,"imgUrl":"http\u003A\u002F\u002Fs18.mogucdn.com\u002Fp1\u002F151212\u002F1r1dzv_ifrwmnjsmeztoyzwguzdambqhayde_1200x1805.png","title":"\u3010\u6A58\u5B50\u7F8E\u8863\u3011\u4ECA\u5E74\u5FC5\u5907\u957F\u6B3E\u6709\u8303\u633A\u62EC\u5927\u8863\u6BDB\u5462\u5916\u5957","skuPrice":19900,"inventory":835,"promotionList":[{"promotionKey":"discount_8091567","promotionDesc":"7\u6298","discountFee":5970},{"promotionKey":"empty_0_0","promotionDesc":"\u4E0D\u4F7F\u7528\u4F18\u60E0"}],"skuAttrList":[{"attributeValue":"\u7070\u84DD","attributeKey":"\u989C\u8272"},{"attributeValue":"L","attributeKey":"\u5C3A\u7801"}],"quantity":1,"skuIdEsc":"151wu2m","itemIdEsc":"18i6xey","totalPrice":13930},{"operationList":[{"operationName":"modifySkuQuantity"},{"operationName":"chooseSkuPromotion"}],"selectedPromotionList":[{"promotionKey":"discount_9477307","promotionDesc":"6\u6298","discountFee":46788}],"itemId":271051254,"currency":"RMB","skuNowPrice":3343,"imgUrl":"http\u003A\u002F\u002Fs22.mogucdn.com\u002Fp1\u002F160506\u002F105880603_ie4diytggbstqyzvhazdambqgiyde_640x960.jpg","title":"\u270C\u6B63\u7248\u270C\u65F6\u5C1A\u649E\u8272\u6761\u7EB9\u5BBD\u677E\u5706\u9886T\u6064","skuPrice":5571,"inventory":991,"promotionList":[{"promotionKey":"discount_9477307","promotionDesc":"6\u6298","discountFee":46788},{"promotionKey":"discount_8091567","promotionDesc":"7\u6298"},{"promotionKey":"empty_0_0","promotionDesc":"\u4E0D\u4F7F\u7528\u4F18\u60E0"}],"skuAttrList":[{"attributeValue":"\u73AB\u7EA2\u62FC\u84DD","attributeKey":"\u989C\u8272"},{"attributeValue":"L","attributeKey":"\u5C3A\u7801"}],"quantity":21,"skuIdEsc":"179ctia","itemIdEsc":"18yr50k","totalPrice":70203}],"selectedLogistics":{},"operationList":[{"operationName":"chooseShopPromotion"},{"operationName":"chooseExpress"},{"operationName":"openPrivateMsg"},{"operationName":"addComment"}],"selectedPromotionList":[],"shopIdEsc":"14jae","buyerComment":"","logisticsList":[],"shopLogoUrl":"http\u003A\u002F\u002Fs18.mogucdn.com\u002Fb7\u002Fpic\u002F151108\u002Fc1nsb_ifrdkzbxmi3dmy3cgqzdambqmeyde_181x119.jpg","shopName":"\u6A58\u5B50\u7F8E\u8863","promotionList":[],"tagList":[{"type":2,"image":"http\u003A\u002F\u002Fs17.mogucdn.com\u002Fp1\u002F150923\u002Fupload_ieztomzrmeydmmlegmzdambqgyyde_147x23.png"}],"sellerUserId":20232875,"totalPrice":84133}],"promotionList":[],"tagList":[{"type":2,"image":"http\u003A\u002F\u002Fs18.mogucdn.com\u002Fp1\u002F150917\u002Fupload_ieztgzddgnsdemlcgmzdambqgyyde_720x78.png"}],"totalPrice":87013},"status":{"code":"SUCCESS","msg":"\u6210\u529F"}}