{"status":{"code":1001,"msg":""},"result":{"skuInfo":{"title":"【欢乐颂同款】2016韩版新款纯色T恤","skus":[{"stockId":"1kncva8","xdSkuId":"1kncva8","price":4114,"nowprice":2880,"img":"http://s16.mogucdn.com/p1/160513/129267615_ie4diyrymuzdkmjyhazdambqgiyde_640x960.jpg","currency":"￥","stock":995,"style":"红色","size":"S","styleId":1,"sizeId":100},{"stockId":"1kncvaa","xdSkuId":"1kncvaa","price":4114,"nowprice":2880,"img":"http://s16.mogucdn.com/p1/160513/129267615_ie4diyrymuzdkmjyhazdambqgiyde_640x960.jpg","currency":"￥","stock":998,"style":"红色","size":"M","styleId":1,"sizeId":101},{"stockId":"1kncvac","xdSkuId":"1kncvac","price":4114,"nowprice":2880,"img":"http://s16.mogucdn.com/p1/160513/129267615_ie4diyrymuzdkmjyhazdambqgiyde_640x960.jpg","currency":"￥","stock":1000,"style":"红色","size":"L","styleId":1,"sizeId":102}],"props":[{"label":"款式","list":[{"type":"style","name":"红色","isDefault":false,"styleId":1,"index":1}],"isDefault":false},{"label":"尺码","list":[{"type":"size","name":"S","isDefault":false,"sizeId":100,"index":100},{"type":"size","name":"M","isDefault":false,"sizeId":101,"index":101},{"type":"size","name":"L","isDefault":false,"sizeId":102,"index":102}],"isDefault":false}],"styleKey":"款式","sizeKey":"尺码","priceRange":"¥28.80","defaultPrice":"¥28.80","isAbroad":false,"totalStock":2993},"itemInfo":{"currency":"RMB","desc":"","userId":"149xb3q","shopId":"1q4exk","title":"【欢乐颂同款】2016韩版新款纯色T恤，你值得拥有！","discountDesc":"7.0折","discountBgColor":"#f13e3a","lowPrice":"41.14","highPrice":"41.14","lowNowPrice":"28.80","highNowPrice":"28.80","iid":"1jv0p9o","isSelf":false,"isFaved":false,"imUrl":"mgjim://talk?\u0026bid\u003d1q4exk\u0026goodsId\u003d1jv0p9o\u0026userId\u003d149xb3q\u0026shopId\u003d1q4exk","state":0,"topImages":["http://s16.mogucdn.com/p1/160514/129267615_ifrwgojshe4donjyhazdambqhayde_640x960.jpg","http://s16.mogucdn.com/p1/160513/129267615_ifqtembumezdkmjyhazdambqgyyde_640x960.jpg"],"oldPrice":"¥41.14","price":"¥28.80","saleType":0,"tags":"上衣,宽松,新款,韩版,休闲","inActivity":false,"redPacketsSwitch":false,"cFav":0,"loginUserId":"12etzps","admin":false},"topBar":{"img":"http://s18.mogucdn.com/p1/150811/upload_ieytsmbrmm4wkm3ggizdambqmeyde_226x43.png","link":"http://www.xiaodian.com/h5/download"},"recommend":[{"price":"¥39.90","img":"http://s22.mogucdn.com/p1/160309/24ynj3_ie4dozlcgrrgcmrtg4zdambqgiyde_640x960.jpg","isShelf":0,"iid":"18n1mq0","title":"2016韩版五星宽松显瘦T恤","cfav":50,"clientUrl":"http://m.mogujie.com/x6/detail/18n1mq0"},{"price":"¥149.33","img":"http://s22.mogucdn.com/p1/160303/24ynj3_ifrgmnbwgnswimjrg4zdambqmeyde_640x960.jpg","isShelf":0,"iid":"18mk5ge","title":"2016新款宽松短外套女长袖时尚棒球服休闲学院风夹克上衣","cfav":335,"clientUrl":"http://m.mogujie.com/x6/detail/18mk5ge"},{"price":"¥80.50","img":"http://s18.mogucdn.com/p1/160229/24ynj3_ie3tqzrwmyzwkmrqg4zdambqgayde_640x960.jpg","isShelf":0,"iid":"18maf38","title":"2016新款韩版马甲","cfav":627,"clientUrl":"http://m.mogujie.com/x6/detail/18maf38"},{"price":"¥68.60","img":"http://s16.mogucdn.com/p1/160228/24ynj3_ie4tiyjwmvtdaztggyzdambqgqyde_640x960.jpg","isShelf":0,"iid":"18m8avc","title":"2016新款纯白衬衫","cfav":4867,"clientUrl":"http://m.mogujie.com/x6/detail/18m8avc"},{"price":"¥28.90","img":"http://s16.mogucdn.com/p1/160514/129267615_ifrtszbvmm4donjyhazdambqhayde_640x960.jpg","isShelf":0,"iid":"1jv0owe","title":"【欢乐颂同款】2016韩版新款连衣裙两件套装","cfav":15,"clientUrl":"http://m.mogujie.com/x6/detail/1jv0owe"},{"price":"¥39.90","img":"http://s22.mogucdn.com/p1/160307/24ynj3_ie4dkzlbgm2genrsg4zdambqgiyde_640x960.jpg","isShelf":0,"iid":"18mvdj2","title":"2016款韩版显瘦爱心T恤","cfav":9688,"clientUrl":"http://m.mogujie.com/x6/detail/18mvdj2"},{"price":"¥39.90","img":"http://s18.mogucdn.com/p1/160513/129267615_ie4diyzrgu4dqmjyhazdambqgiyde_640x960.jpg","isShelf":0,"iid":"1jv0pse","title":"【欢乐颂同款】2016韩版新款休闲短裤","cfav":30,"clientUrl":"http://m.mogujie.com/x6/detail/1jv0pse"},{"price":"¥48.80","img":"http://s18.mogucdn.com/p1/160405/129267615_ifqwmmjsgjsdgzlcg4zdambqgyyde_640x960.jpg","isShelf":0,"iid":"18p6s6i","title":"2016韩版新款长袖竖条纹衬衫","cfav":6132,"clientUrl":"http://m.mogujie.com/x6/detail/18p6s6i"},{"price":"¥58.80","img":"http://s16.mogucdn.com/p1/160422/129267615_ifqwcyldmuzgcnbrhazdambqgyyde_640x960.jpg","isShelf":0,"iid":"18xlhpi","title":"【爆】Modnsbh 元坊衬衫","cfav":2763,"clientUrl":"http://m.mogujie.com/x6/detail/18xlhpi"},{"price":"¥39.90","img":"http://s22.mogucdn.com/p1/160327/24ynj3_ie4tmnbzmfstszryg4zdambqgqyde_640x960.jpg","isShelf":0,"iid":"18oh41a","title":"2016韩版新款条纹T恤","cfav":7311,"clientUrl":"http://m.mogujie.com/x6/detail/18oh41a"},{"price":"¥59.00","img":"http://s16.mogucdn.com/p1/160508/129267615_ie4dozrxmnqtcobwhazdambqgiyde_640x960.jpg","isShelf":0,"iid":"1jum5qa","title":"2016韩版无袖T+雪纺半身裙","cfav":2257,"clientUrl":"http://m.mogujie.com/x6/detail/1jum5qa"},{"price":"¥29.80","img":"http://s16.mogucdn.com/p1/160426/129267615_ifqwcojrg4zdaojshazdambqgyyde_640x960.jpg","isShelf":0,"iid":"18xxwvi","title":"2016夏季新款性感漏肩T恤","cfav":3876,"clientUrl":"http://m.mogujie.com/x6/detail/18xxwvi"}],"detailInfo":{"desc":"【欢乐颂同款】2016韩版新款纯色T恤，你值得拥有！","detailImage":[{"desc":"","key":"穿着效果","list":["http://s22.mogucdn.com/p1/160513/129267615_ie4dizdcge2dkmjyhazdambqgiyde_641x500.png","http://s18.mogucdn.com/p1/160513/129267615_ie4gmnjtgq2dkmjyhazdambqgiyde_671x665.jpg","http://s18.mogucdn.com/p1/160513/129267615_ifrgmmdbha2dkmjyhazdambqmeyde_698x701.png","http://s18.mogucdn.com/p1/160513/129267615_ifqwgmlche2dkmjyhazdambqgyyde_640x960.jpg","http://s18.mogucdn.com/p1/160513/129267615_ifqtcolbme2dkmjyhazdambqgyyde_640x960.jpg","http://s16.mogucdn.com/p1/160513/129267615_ie4dombymi2dkmjyhazdambqgiyde_640x960.jpg"]},{"desc":"","key":"细节做工","list":["http://s22.mogucdn.com/p1/160513/129267615_ifrwmn3bmq2dkmjyhazdambqhayde_710x708.png","http://s18.mogucdn.com/p1/160513/129267615_ifqtqmbzmu2dkmjyhazdambqgyyde_716x714.png"]}]},"columns":["默认快递","销量 5"],"promotions":{"link":"mgj://shoppro?shopId\u003d1q4exk","alertData":{},"list":["全店铺满100元减5元","全店铺满200元减13元"]},"itemParams":{"info":{"images":[],"set":[{"value":"常规袖","key":"袖型"},{"value":"其他","key":"风格"},{"value":"针织","key":"材质"},{"value":"宽松","key":"版型"},{"value":"红色","key":"颜色"},{"value":"其他","key":"元素"},{"value":"常规款（51-65cm）","key":"衣长"},{"value":"圆领","key":"领型"},{"value":"其他","key":"图案"},{"value":"夏季","key":"季节"},{"value":"短袖","key":"袖长"}],"desc":""},"rule":{"desc":"详情尺码请联系客服！","tables":[[["尺码","S","M","L"],["肩宽","36","37","38"],["衣长","53","54","55"],["胸围","80","84","88"],["袖长","15","16","17"]]],"images":[]}},"shopInfo":{"score":[{"name":"描述相符","score":4.64,"isBetter":true},{"name":"价格合理","score":4.62,"isBetter":true},{"name":"质量满意","score":4.62,"isBetter":true}],"services":[{"icon":"http://s22.mogucdn.com/p1/151028/upload_ifrwemtemuytamrygqzdambqhayde_44x44.png","name":"退货补运费","link":"http://www.mogujie.com/rule/mogu?categoryId\u003d326\u0026ruleId\u003d927"},{"icon":"http://s16.mogucdn.com/p1/151028/upload_ie4tomdcg4ytamrygqzdambqgqyde_44x44.png","name":"7天无理由退货","link":"http://www.mogujie.com/rule/mogu?categoryId\u003d326\u0026ruleId\u003d892"},{"icon":"http://s16.mogucdn.com/p1/151028/upload_ifqwiolcheytamrygqzdambqgyyde_44x44.png","name":"全国包邮","link":"http://www.mogujie.com/rule/mogu?categoryId\u003d326\u0026ruleId\u003d895"},{"icon":"http://s16.mogucdn.com/p1/151028/upload_ifrggn3dmiytamrygqzdambqmeyde_44x44.png","name":"72小时发货","link":"http://www.mogujie.com/rule/mogu?categoryId\u003d326\u0026ruleId\u003d893"}],"categories":[{"name":"短T","link":"http://shop.mogujie.com/1q4exk/list/index?categoryId\u003d1481902"},{"name":"衬衫","link":"http://shop.mogujie.com/1q4exk/list/index?categoryId\u003d1481903"},{"name":"裤子","link":"http://shop.mogujie.com/1q4exk/list/index?categoryId\u003d1481904"},{"name":"外套","link":"http://shop.mogujie.com/1q4exk/list/index?categoryId\u003d1481905"},{"name":"鞋子","link":"http://shop.mogujie.com/1q4exk/list/index?categoryId\u003d1530292"}],"cFans":1614,"cSells":13121,"allGoodsUrl":"http://m.mogujie.com/x6/shop/1q4exk/goodsall?title\u003d全部商品","shopUrl":"http://m.mogujie.com/x6/shop/1q4exk","isMarked":false,"cGoods":35,"userId":"149xb3q","shopLogo":"http://s22.mogucdn.com/p1/160301/24ynj3_ie4dkylbgaygkojqg4zdambqgiyde_200x200.jpg","name":"必爆家","shopId":"1q4exk","tag":""},"listBanner":{"downloadBanner":{"bgImg":"http://s10.mogucdn.com/p1/160513/t0_ie4ggyzzmm4dmmbyhazdambqgiyde_750x109.jpg","link":"http://a.app.qq.com/o/simple.jsp?pkgname\u003dcom.mogujie\u0026ckey\u003dCK1297357065612"}},"rate":{"list":[{"user":{"uid":"1258k2c","uname":"M***家","avatar":"http://s18.mogucdn.com/p1/160105/idid_ifrwenjuhfsggntfguzdambqhayde_160x160.jpg","profileUrl":"","tagIndex":""},"images":["http://s22.mogucdn.com/p1/160514/upload_ifqwkyzwgyztinjyhazdambqgyyde_468x350.jpg","http://s22.mogucdn.com/p1/160514/upload_ie4wmylfguztinjyhazdambqgqyde_468x355.jpg"],"rateId":"183vl06","content":"衣服真的很好看哦  质量也很好  是正版的","created":1463207342,"isAnonymous":1,"style":"颜色:红色 尺码:M ","isEmpty":0,"canExplain":false},{"user":{"uid":"13imi98","uname":"绿***象","avatar":"http://s22.mogucdn.com/p1/160105/idid_ifrtgyjxmjrwgntfguzdambqhayde_160x160.jpg","profileUrl":"","tagIndex":""},"images":["http://s22.mogucdn.com/p1/160514/upload_ifqtcnbymvsdinjyhazdambqgyyde_750x1000.jpg","http://s18.mogucdn.com/p1/160514/upload_ifqtinrymvsdinjyhazdambqgyyde_468x625.jpg"],"rateId":"183vu9s","content":"非常满意，大爱","created":1463207979,"isAnonymous":1,"style":"颜色:红色 尺码:S ","isEmpty":0,"canExplain":false}],"cRate":3},"collcationSet":[{"name":"套餐一","promotionMark":"collocationSet_9492880","collocationSetItemGroupDTOs":[{"img":"http://s22.mogucdn.com/p1/160514/129267615_ifrwgojshe4donjyhazdambqhayde_640x960.jpg_185x185.jpg","title":"【欢乐颂同款】2016韩版新款纯色T恤","itemId":600479066,"iid":"1jv0p9o","proPrice":2800,"defaultPrice":"¥28.00","collocationSetSkuDTOs":[{"stockId":624277524,"proPrice":2800},{"stockId":624277525,"proPrice":2800},{"stockId":624277526,"proPrice":2800}]},{"img":"http://s22.mogucdn.com/p1/160513/129267615_ie4diyzrgu4dqmjyhazdambqgiyde_640x960.jpg_185x185.jpg","title":"【欢乐颂同款】2016韩版新款休闲短裤","itemId":600479403,"iid":"1jv0pse","proPrice":3800,"defaultPrice":"¥38.00","collocationSetSkuDTOs":[{"stockId":624281888,"proPrice":3800},{"stockId":624281889,"proPrice":3800},{"stockId":624281890,"proPrice":3800}]}]}],"itemTags":[],"isLogin":true,"esi":"{\"status\":{\"code\":1001,\"msg\":\"\"},\"result\":{\"skuInfo\":{\"title\":\"\u3010\u6B22\u4E50\u9882\u540C\u6B3E\u30112016\u97E9\u7248\u65B0\u6B3E\u7EAF\u8272T\u6064\",\"skus\":[{\"stockId\":\"1kncva8\",\"xdSkuId\":\"1kncva8\",\"price\":4114,\"nowprice\":2880,\"img\":\"http:\/\/s16.mogucdn.com\/p1\/160513\/129267615_ie4diyrymuzdkmjyhazdambqgiyde_640x960.jpg\",\"currency\":\"\uFFE5\",\"stock\":995,\"style\":\"\u7EA2\u8272\",\"size\":\"S\",\"styleId\":1,\"sizeId\":100},{\"stockId\":\"1kncvaa\",\"xdSkuId\":\"1kncvaa\",\"price\":4114,\"nowprice\":2880,\"img\":\"http:\/\/s16.mogucdn.com\/p1\/160513\/129267615_ie4diyrymuzdkmjyhazdambqgiyde_640x960.jpg\",\"currency\":\"\uFFE5\",\"stock\":998,\"style\":\"\u7EA2\u8272\",\"size\":\"M\",\"styleId\":1,\"sizeId\":101},{\"stockId\":\"1kncvac\",\"xdSkuId\":\"1kncvac\",\"price\":4114,\"nowprice\":2880,\"img\":\"http:\/\/s16.mogucdn.com\/p1\/160513\/129267615_ie4diyrymuzdkmjyhazdambqgiyde_640x960.jpg\",\"currency\":\"\uFFE5\",\"stock\":1000,\"style\":\"\u7EA2\u8272\",\"size\":\"L\",\"styleId\":1,\"sizeId\":102}],\"props\":[{\"label\":\"\u6B3E\u5F0F\",\"list\":[{\"type\":\"style\",\"name\":\"\u7EA2\u8272\",\"isDefault\":false,\"styleId\":1,\"index\":1}],\"isDefault\":false},{\"label\":\"\u5C3A\u7801\",\"list\":[{\"type\":\"size\",\"name\":\"S\",\"isDefault\":false,\"sizeId\":100,\"index\":100},{\"type\":\"size\",\"name\":\"M\",\"isDefault\":false,\"sizeId\":101,\"index\":101},{\"type\":\"size\",\"name\":\"L\",\"isDefault\":false,\"sizeId\":102,\"index\":102}],\"isDefault\":false}],\"styleKey\":\"\u6B3E\u5F0F\",\"sizeKey\":\"\u5C3A\u7801\",\"priceRange\":\"\u00A528.80\",\"defaultPrice\":\"\u00A528.80\",\"isAbroad\":false,\"totalStock\":2993},\"itemInfo\":{\"discountDesc\":\"7.0\u6298\",\"discountBgColor\":\"#f13e3a\",\"isSelf\":false,\"isFaved\":false,\"state\":0,\"oldPrice\":\"\u00A541.14\",\"price\":\"\u00A528.80\",\"saleType\":0,\"inActivity\":false,\"redPacketsSwitch\":false,\"cFav\":0,\"loginUserId\":\"14vwmi8\",\"admin\":false},\"shopInfo\":{\"isMarked\":false},\"isLogin\":true}}"}}