{"result":{"shopGroup":[{"promotionRelatedTagBlock":{},"shopRelatedTagBlock":{"globleCouponTag":{"image":"http:\/\/s17.mogucdn.com\/p1\/150923\/upload_ieztomzrmeydmmlegmzdambqgyyde_147x23.png","type":2}},"shopInfo":{"shopIdEsc":"14jae","isAbroadBshop":false,"isExcellentShop":false,"shopName":"\u6A58\u5B50\u7F8E\u8863","sellerUserIdEsc":"1o3bm6"},"cartItemGroup":[{"lastUpdateTime":1462968429,"skuImageBottomTagBlock":{},"remindRelatedTagBlock":{},"disCountFee":5970,"number":1,"remindRelatedTagList":[],"sku":{"nowprice":13930,"imgUrl":"http:\/\/s18.mogucdn.com\/p1\/151212\/1r1dzv_ifrwmnjsmeztoyzwguzdambqhayde_1200x1805.png","stockIdEsc":"151wu2m","title":"\u3010\u6A58\u5B50\u7F8E\u8863\u3011\u4ECA\u5E74\u5FC5\u5907\u957F\u6B3E\u6709\u8303\u633A\u62EC\u5927\u8863\u6BDB\u5462\u5916\u5957","stock":835,"price":19900,"skuAttributes":[{"value":"\u7070\u84DD","key":"\u989C\u8272"},{"value":"L","key":"\u5C3A\u7801"}],"inValid":false,"sellerUserIdEsc":"1o3bm6","itemIdEsc":"18i6xey","currency":"RMB"},"ptp":"m1.BbWEdQPn.0.21.c6oaD","skuNumberRelatedTagBlock":{}},{"lastUpdateTime":1462966249,"skuImageBottomTagBlock":{},"remindRelatedTagBlock":{},"disCountFee":1671,"number":21,"remindRelatedTagList":[],"sku":{"nowprice":3900,"imgUrl":"http:\/\/s18.mogucdn.com\/p1\/160506\/105880603_ie4diytggbstqyzvhazdambqgiyde_640x960.jpg","stockIdEsc":"179ctia","title":"\u270C\u6B63\u7248\u270C\u65F6\u5C1A\u649E\u8272\u6761\u7EB9\u5BBD\u677E\u5706\u9886T\u6064","stock":990,"price":5571,"skuAttributes":[{"value":"\u73AB\u7EA2\u62FC\u84DD","key":"\u989C\u8272"},{"value":"L","key":"\u5C3A\u7801"}],"inValid":false,"sellerUserIdEsc":"1o3bm6","itemIdEsc":"18yr50k","currency":"RMB"},"ptp":"m1._mf1_h5goodswall._book_shopping_10054926_h5-newtype_noab-noab_wall_docs.21.p934x","skuNumberRelatedTagBlock":{}}]},{"promotionRelatedTagBlock":{"itemCountOverReduceTag":{"text":"\u6EE12\u4EF6\u51CF3","type":1}},"shopRelatedTagBlock":{"globleCouponTag":{"image":"http:\/\/s17.mogucdn.com\/p1\/150923\/upload_ieztomzrmeydmmlegmzdambqgyyde_147x23.png","type":2}},"shopInfo":{"shopIdEsc":"1ohwyq","isAbroadBshop":false,"isExcellentShop":false,"shopName":"\u8863\u8DEF\u9886\u5148","sellerUserIdEsc":"12gs5jq"},"cartItemGroup":[{"lastUpdateTime":1462954769,"skuImageBottomTagBlock":{},"remindRelatedTagBlock":{},"disCountFee":1404,"number":1,"remindRelatedTagList":[],"sku":{"nowprice":2724,"imgUrl":"http:\/\/s17.mogucdn.com\/p1\/160506\/74559855_ie4tiolgmiywmyzvhazdambqgqyde_640x960.jpg","stockIdEsc":"1juif72","title":"\u2665\u590F\u5B63\u65B0\u6B3E\u2665\u97E9\u7248\u5BBD\u677E\u767E\u642D\u77ED\u8896\u6253\u5E95\u886B \u6761\u7EB9\u62FC\u63A5\u5361\u901AT\u6064","stock":4710,"price":4128,"skuAttributes":[{"value":"\u4E2D\u7070","key":"\u989C\u8272"},{"value":"M","key":"\u5C3A\u7801"}],"inValid":false,"sellerUserIdEsc":"12gs5jq","itemIdEsc":"1jugeag","currency":"RMB"},"ptp":"m1._mf1_h5goodswall._book_shopping_10054926_h5-newtype_noab-noab_wall_docs.1.5BGXy","skuNumberRelatedTagBlock":{}}]}],"coudanOpen":false,"tabItemNum":{"stockNotEnoughItemNum":0,"promotionItemNum":3,"allItemNum":3},"totalItemNum":3},"status":{"message":"","isLogin":true,"code":1001,"msg":""}}
