[
  {
    "type": "Article",
    "title": "Hello World",
    "date": "2016/10/21",
    "content": "你好，世界!"
  },
  {
    "type": "Article",
    "title": "Hello Solar System",
    "date": "2016/10/20",
    "content": "你好，太阳系!"
  },
  {
    "type": "Article",
    "title": "Hello Galaxy",
    "date": "2015/9/20",
    "content": "你好，银河系!"
  },
  {
    "type": "Link",
    "name": "GITHUB",
    "href": "https://www.github.com"
  },
  {
    "type": "Link",
    "name": "VUE",
    "href": "http://rc.vuejs.org/"
  }
]
