{"items":[
  {
    "_id": "577dcf3d72c62ea8f1e0d4dd",
    "type": "微博",
    "avatar": "http://placehold.it/32x32",
    "interest": [
      "旅游",
      "科技",
      "阅读"
    ],
    "city": "广州",
    "name": "Zimmerman",
    "age": 18,
    "gender": "男",
    "fans": 74534,
    "temp": 2498,
    "price": 20
  },
  {
    "_id": "577dcf3d55926f5a293485f3",
    "type": "微博",
    "avatar": "http://placehold.it/32x32",
    "interest": [
      "电影",
      "军事",
      "旅游"
    ],
    "city": "上海",
    "name": "Mcclure",
    "age": 36,
    "gender": "男",
    "fans": 8879,
    "temp": 1413,
    "price": 30
  },
  {
    "_id": "577dcf3d5abc4f0a6c63d31d",
    "type": "微博",
    "avatar": "http://placehold.it/32x32",
    "interest": [
      "旅游",
      "时尚"
    ],
    "city": "广州",
    "name": "Koch",
    "age": 14,
    "gender": "女",
    "fans": 82424,
    "temp": 6955,
    "price": 400
  },
  {
    "_id": "577dcf3d29293b02fe90ad84",
    "type": "微博",
    "avatar": "http://placehold.it/32x32",
    "interest": [
      "美食",
      "阅读"
    ],
    "city": "深圳",
    "name": "Shepherd",
    "age": 23,
    "gender": "女",
    "fans": 17394,
    "temp": 3834,
    "price": 10000
  },
  {
    "_id": "577dcf3d50295fc6da1a32da",
    "type": "微博",
    "avatar": "http://placehold.it/32x32",
    "interest": [
      "汽车",
      "星座",
      "动漫"
    ],
    "city": "北京",
    "name": "Harvey",
    "age": 16,
    "gender": "男",
    "fans": 21115,
    "temp": 4166,
    "price": 800
  },
  {
    "_id": "577dcf3d55f518e6911267fd",
    "type": "微信",
    "avatar": "http://placehold.it/32x32",
    "interest": [
      "占卜",
      "运动"
    ],
    "city": "广州",
    "name": "Goodwin",
    "age": 25,
    "gender": "男",
    "fans": 85706,
    "temp": 9265,
    "price": 150
  },
  {
    "_id": "577dcf3d044f5c7061b928a9",
    "type": "微博",
    "avatar": "http://placehold.it/32x32",
    "interest": [
      "军事"
    ],
    "city": "上海",
    "name": "Carpenter",
    "age": 29,
    "gender": "女",
    "fans": 70167,
    "temp": 1104,
    "price": 3000
  },
  {
    "_id": "577dcf3deafa438aec116bdd",
    "type": "微博",
    "avatar": "http://placehold.it/32x32",
    "interest": [
      "星座",
      "旅游"
    ],
    "city": "广州",
    "name": "Bryant",
    "age": 19,
    "gender": "女",
    "fans": 16233,
    "temp": 3264,
    "price": 500
  },
  {
    "_id": "577dcf3d6944b09cd9655843",
    "type": "微信",
    "avatar": "http://placehold.it/32x32",
    "interest": [
      "音乐"
    ],
    "city": "上海",
    "name": "Anderson",
    "age": 35,
    "gender": "男",
    "fans": 20534,
    "temp": 1782,
    "price": 2000
  },
  {
    "_id": "577dcf3d32f28c7b395eacb4",
    "type": "微信",
    "avatar": "http://placehold.it/32x32",
    "interest": [
      "旅游"
    ],
    "city": "深圳",
    "name": "Francis",
    "age": 19,
    "gender": "女",
    "fans": 5625,
    "temp": 4172,
    "price": 3000
  },
  {
    "_id": "577dcf3d8c4e2a8a653a933b",
    "type": "微信",
    "avatar": "http://placehold.it/32x32",
    "interest": [
      "阅读",
      "动漫",
      "美食"
    ],
    "city": "上海",
    "name": "Harris",
    "age": 35,
    "gender": "男",
    "fans": 33971,
    "temp": 5950,
    "price": 20
  },
  {
    "_id": "577dcf3dcf6fbbd3fc25f0ef",
    "type": "微信",
    "avatar": "http://placehold.it/32x32",
    "interest": [
      "自拍",
      "音乐"
    ],
    "city": "北京",
    "name": "Hansen",
    "age": 12,
    "gender": "男",
    "fans": 85631,
    "temp": 2941,
    "price": 200
  },
  {
    "_id": "577dcf3d55d2339855ea3285",
    "type": "微信",
    "avatar": "http://placehold.it/32x32",
    "interest": [
      "音乐",
      "电影",
      "竞技"
    ],
    "city": "广州",
    "name": "Melton",
    "age": 32,
    "gender": "女",
    "fans": 53673,
    "temp": 1672,
    "price": 100
  },
  {
    "_id": "577dcf3db24fe2856f0404e3",
    "type": "微信",
    "avatar": "http://placehold.it/32x32",
    "interest": [
      "占卜",
      "美食"
    ],
    "city": "上海",
    "name": "Bauer",
    "age": 26,
    "gender": "女",
    "fans": 12709,
    "temp": 6847,
    "price": 20
  },
  {
    "_id": "577dcf3dffd10ae10e26b6a0",
    "type": "微博",
    "avatar": "http://placehold.it/32x32",
    "interest": [
      "军事"
    ],
    "city": "上海",
    "name": "Langley",
    "age": 29,
    "gender": "女",
    "fans": 49297,
    "temp": 4022,
    "price": 5000
  },
  {
    "_id": "577dcf3dcef3f1c97dfa8432",
    "type": "微博",
    "avatar": "http://placehold.it/32x32",
    "interest": [
      "时尚",
      "旅游",
      "竞技"
    ],
    "city": "深圳",
    "name": "Middleton",
    "age": 25,
    "gender": "女",
    "fans": 41916,
    "temp": 2632,
    "price": 50
  },
  {
    "_id": "577dcf3d51fa83c02d4516ff",
    "type": "微博",
    "avatar": "http://placehold.it/32x32",
    "interest": [
      "动漫",
      "电影",
      "占卜"
    ],
    "city": "北京",
    "name": "Harper",
    "age": 34,
    "gender": "男",
    "fans": 87063,
    "temp": 9652,
    "price": 800
  },
  {
    "_id": "577dcf3d4c7e9edb3a8de788",
    "type": "微博",
    "avatar": "http://placehold.it/32x32",
    "interest": [
      "电影",
      "阅读",
      "阅读"
    ],
    "city": "上海",
    "name": "Montoya",
    "age": 24,
    "gender": "女",
    "fans": 65137,
    "temp": 6551,
    "price": 20
  },
  {
    "_id": "577dcf3d6b79532193cd2328",
    "type": "微信",
    "avatar": "http://placehold.it/32x32",
    "interest": [
      "星座",
      "旅游",
      "动漫"
    ],
    "city": "北京",
    "name": "Hurley",
    "age": 33,
    "gender": "男",
    "fans": 48549,
    "temp": 1670,
    "price": 300
  },
  {
    "_id": "577dcf3d9a6f91f170e13aea",
    "type": "微信",
    "avatar": "http://placehold.it/32x32",
    "interest": [
      "阅读",
      "竞技"
    ],
    "city": "深圳",
    "name": "Fitzpatrick",
    "age": 29,
    "gender": "男",
    "fans": 79470,
    "temp": 9863,
    "price": 150
  },
  {
    "_id": "577dcf3dc9eac00368620ee7",
    "type": "微博",
    "avatar": "http://placehold.it/32x32",
    "interest": [
      "运动",
      "运动"
    ],
    "city": "上海",
    "name": "Bonner",
    "age": 38,
    "gender": "男",
    "fans": 61975,
    "temp": 1856,
    "price": 100
  },
  {
    "_id": "577dcf3d07474e8481303029",
    "type": "微信",
    "avatar": "http://placehold.it/32x32",
    "interest": [
      "电影",
      "汽车",
      "汽车"
    ],
    "city": "广州",
    "name": "Mcmillan",
    "age": 23,
    "gender": "男",
    "fans": 55312,
    "temp": 6587,
    "price": 400
  },
  {
    "_id": "577dcf3d7b4276d8836481db",
    "type": "微信",
    "avatar": "http://placehold.it/32x32",
    "interest": [
      "科技",
      "汽车"
    ],
    "city": "上海",
    "name": "Jacobson",
    "age": 22,
    "gender": "男",
    "fans": 84927,
    "temp": 6963,
    "price": 400
  },
  {
    "_id": "577dcf3d07cc29f38e61fb24",
    "type": "微信",
    "avatar": "http://placehold.it/32x32",
    "interest": [
      "运动"
    ],
    "city": "北京",
    "name": "Pierce",
    "age": 31,
    "gender": "女",
    "fans": 62936,
    "temp": 6793,
    "price": 100
  },
  {
    "_id": "577dcf3d113dc88bc9a3e525",
    "type": "微信",
    "avatar": "http://placehold.it/32x32",
    "interest": [
      "军事",
      "美食",
      "阅读"
    ],
    "city": "深圳",
    "name": "Berger",
    "age": 20,
    "gender": "女",
    "fans": 50904,
    "temp": 4909,
    "price": 2000
  },
  {
    "_id": "577dcf3debc0f7ec1f81c171",
    "type": "微博",
    "avatar": "http://placehold.it/32x32",
    "interest": [
      "科技",
      "运动",
      "电影"
    ],
    "city": "广州",
    "name": "Maxwell",
    "age": 36,
    "gender": "男",
    "fans": 71697,
    "temp": 2658,
    "price": 1000
  },
  {
    "_id": "577dcf3df6442de7105b47a8",
    "type": "微信",
    "avatar": "http://placehold.it/32x32",
    "interest": [
      "时尚",
      "军事"
    ],
    "city": "北京",
    "name": "Patel",
    "age": 24,
    "gender": "男",
    "fans": 63600,
    "temp": 8017,
    "price": 500
  },
  {
    "_id": "577dcf3df6f0d8a79abcab8a",
    "type": "微信",
    "avatar": "http://placehold.it/32x32",
    "interest": [
      "运动"
    ],
    "city": "广州",
    "name": "Hatfield",
    "age": 13,
    "gender": "女",
    "fans": 48874,
    "temp": 8883,
    "price": 150
  },
  {
    "_id": "577dcf3de5b82efd79b5eabf",
    "type": "微信",
    "avatar": "http://placehold.it/32x32",
    "interest": [
      "自拍",
      "运动",
      "科技"
    ],
    "city": "深圳",
    "name": "Gross",
    "age": 12,
    "gender": "男",
    "fans": 62218,
    "temp": 1628,
    "price": 400
  },
  {
    "_id": "577dcf3dd218109bc549b981",
    "type": "微博",
    "avatar": "http://placehold.it/32x32",
    "interest": [
      "运动"
    ],
    "city": "深圳",
    "name": "Larsen",
    "age": 16,
    "gender": "女",
    "fans": 6171,
    "temp": 2847,
    "price": 200
  },
  {
    "_id": "577dcf3db105e387708d08dd",
    "type": "微博",
    "avatar": "http://placehold.it/32x32",
    "interest": [
      "美食",
      "电影",
      "竞技"
    ],
    "city": "北京",
    "name": "Rodriguez",
    "age": 28,
    "gender": "女",
    "fans": 54538,
    "temp": 5628,
    "price": 500
  },
  {
    "_id": "577dcf3d94d1b4aa89348dbd",
    "type": "微信",
    "avatar": "http://placehold.it/32x32",
    "interest": [
      "音乐"
    ],
    "city": "深圳",
    "name": "Heath",
    "age": 23,
    "gender": "女",
    "fans": 40967,
    "temp": 3104,
    "price": 100
  },
  {
    "_id": "577dcf3d40cc37a1e98af314",
    "type": "微信",
    "avatar": "http://placehold.it/32x32",
    "interest": [
      "旅游",
      "科技",
      "动漫"
    ],
    "city": "上海",
    "name": "Abbott",
    "age": 14,
    "gender": "女",
    "fans": 19400,
    "temp": 8830,
    "price": 2000
  },
  {
    "_id": "577dcf3dd161b9cd3030c05b",
    "type": "微信",
    "avatar": "http://placehold.it/32x32",
    "interest": [
      "电影",
      "占卜",
      "旅游"
    ],
    "city": "上海",
    "name": "Park",
    "age": 29,
    "gender": "男",
    "fans": 41635,
    "temp": 2871,
    "price": 20
  },
  {
    "_id": "577dcf3d98ae304e2338e8a9",
    "type": "微信",
    "avatar": "http://placehold.it/32x32",
    "interest": [
      "星座",
      "旅游",
      "阅读"
    ],
    "city": "广州",
    "name": "Acosta",
    "age": 32,
    "gender": "女",
    "fans": 30264,
    "temp": 6070,
    "price": 5000
  },
  {
    "_id": "577dcf3d50d1ccfb704f64f8",
    "type": "微信",
    "avatar": "http://placehold.it/32x32",
    "interest": [
      "科技",
      "旅游"
    ],
    "city": "上海",
    "name": "Graham",
    "age": 16,
    "gender": "女",
    "fans": 41108,
    "temp": 2391,
    "price": 30
  },
  {
    "_id": "577dcf3d205245439f8966f1",
    "type": "微博",
    "avatar": "http://placehold.it/32x32",
    "interest": [
      "阅读",
      "汽车"
    ],
    "city": "广州",
    "name": "Mcintyre",
    "age": 38,
    "gender": "男",
    "fans": 45614,
    "temp": 5629,
    "price": 800
  },
  {
    "_id": "577dcf3d0d1e9966a7e1761b",
    "type": "微博",
    "avatar": "http://placehold.it/32x32",
    "interest": [
      "时尚",
      "竞技",
      "时尚"
    ],
    "city": "上海",
    "name": "Baird",
    "age": 12,
    "gender": "男",
    "fans": 27605,
    "temp": 2240,
    "price": 300
  },
  {
    "_id": "577dcf3d4316ec65e70ac8a4",
    "type": "微博",
    "avatar": "http://placehold.it/32x32",
    "interest": [
      "科技",
      "自拍"
    ],
    "city": "广州",
    "name": "Mcmahon",
    "age": 16,
    "gender": "男",
    "fans": 51272,
    "temp": 1114,
    "price": 800
  },
  {
    "_id": "577dcf3d33549b9d4ae8113b",
    "type": "微信",
    "avatar": "http://placehold.it/32x32",
    "interest": [
      "动漫",
      "汽车",
      "音乐"
    ],
    "city": "广州",
    "name": "Norman",
    "age": 27,
    "gender": "女",
    "fans": 53293,
    "temp": 5433,
    "price": 200
  },
  {
    "_id": "577dcf3d057210981529ee2c",
    "type": "微信",
    "avatar": "http://placehold.it/32x32",
    "interest": [
      "占卜"
    ],
    "city": "上海",
    "name": "Buckner",
    "age": 21,
    "gender": "女",
    "fans": 48659,
    "temp": 4777,
    "price": 3000
  },
  {
    "_id": "577dcf3d9716a4aedfe546e2",
    "type": "微博",
    "avatar": "http://placehold.it/32x32",
    "interest": [
      "时尚",
      "音乐"
    ],
    "city": "上海",
    "name": "Gamble",
    "age": 35,
    "gender": "女",
    "fans": 41541,
    "temp": 8488,
    "price": 100
  },
  {
    "_id": "577dcf3d299111ca0031ba52",
    "type": "微信",
    "avatar": "http://placehold.it/32x32",
    "interest": [
      "音乐",
      "运动"
    ],
    "city": "广州",
    "name": "Wells",
    "age": 30,
    "gender": "男",
    "fans": 53858,
    "temp": 9318,
    "price": 5000
  },
  {
    "_id": "577dcf3d2c89b96a024eb961",
    "type": "微博",
    "avatar": "http://placehold.it/32x32",
    "interest": [
      "竞技"
    ],
    "city": "上海",
    "name": "Benson",
    "age": 25,
    "gender": "男",
    "fans": 63990,
    "temp": 4989,
    "price": 1000
  },
  {
    "_id": "577dcf3d17ee30ebdee8cc37",
    "type": "微信",
    "avatar": "http://placehold.it/32x32",
    "interest": [
      "旅游"
    ],
    "city": "上海",
    "name": "Mack",
    "age": 38,
    "gender": "男",
    "fans": 43960,
    "temp": 9507,
    "price": 1000
  },
  {
    "_id": "577dcf3da8262389adf57c8a",
    "type": "微博",
    "avatar": "http://placehold.it/32x32",
    "interest": [
      "军事"
    ],
    "city": "广州",
    "name": "Strickland",
    "age": 27,
    "gender": "男",
    "fans": 82637,
    "temp": 3854,
    "price": 5000
  },
  {
    "_id": "577dcf3d8cc63b4957b2ca71",
    "type": "微信",
    "avatar": "http://placehold.it/32x32",
    "interest": [
      "音乐",
      "阅读"
    ],
    "city": "上海",
    "name": "Kim",
    "age": 35,
    "gender": "女",
    "fans": 89014,
    "temp": 6086,
    "price": 800
  },
  {
    "_id": "577dcf3d31c76968c10308e7",
    "type": "微博",
    "avatar": "http://placehold.it/32x32",
    "interest": [
      "竞技"
    ],
    "city": "上海",
    "name": "Tate",
    "age": 24,
    "gender": "女",
    "fans": 34420,
    "temp": 3015,
    "price": 500
  },
  {
    "_id": "577dcf3d60964618125d89a6",
    "type": "微信",
    "avatar": "http://placehold.it/32x32",
    "interest": [
      "动漫",
      "运动",
      "动漫"
    ],
    "city": "深圳",
    "name": "Soto",
    "age": 19,
    "gender": "男",
    "fans": 69967,
    "temp": 8249,
    "price": 1000
  },
  {
    "_id": "577dcf3d30c3acbbc28d4f13",
    "type": "微博",
    "avatar": "http://placehold.it/32x32",
    "interest": [
      "音乐",
      "美食"
    ],
    "city": "上海",
    "name": "Leon",
    "age": 34,
    "gender": "男",
    "fans": 42444,
    "temp": 3063,
    "price": 100
  },
  {
    "_id": "577dcf3dd59c3b43532b4a87",
    "type": "微信",
    "avatar": "http://placehold.it/32x32",
    "interest": [
      "阅读",
      "占卜",
      "自拍"
    ],
    "city": "广州",
    "name": "Valdez",
    "age": 23,
    "gender": "女",
    "fans": 30889,
    "temp": 4906,
    "price": 1000
  },
  {
    "_id": "577dcf3db7f123211adc02f7",
    "type": "微博",
    "avatar": "http://placehold.it/32x32",
    "interest": [
      "美食"
    ],
    "city": "上海",
    "name": "Rogers",
    "age": 28,
    "gender": "男",
    "fans": 22951,
    "temp": 4599,
    "price": 3000
  },
  {
    "_id": "577dcf3dad07ad4e1b314752",
    "type": "微博",
    "avatar": "http://placehold.it/32x32",
    "interest": [
      "军事",
      "时尚"
    ],
    "city": "广州",
    "name": "Bass",
    "age": 21,
    "gender": "女",
    "fans": 44026,
    "temp": 8712,
    "price": 800
  },
  {
    "_id": "577dcf3d0a1dfeefd4fba0a0",
    "type": "微信",
    "avatar": "http://placehold.it/32x32",
    "interest": [
      "时尚",
      "运动",
      "美食"
    ],
    "city": "广州",
    "name": "Faulkner",
    "age": 20,
    "gender": "女",
    "fans": 7825,
    "temp": 5105,
    "price": 20
  },
  {
    "_id": "577dcf3d96eb36111e687fb9",
    "type": "微博",
    "avatar": "http://placehold.it/32x32",
    "interest": [
      "自拍",
      "汽车",
      "科技"
    ],
    "city": "北京",
    "name": "Gentry",
    "age": 18,
    "gender": "女",
    "fans": 38944,
    "temp": 7894,
    "price": 50
  },
  {
    "_id": "577dcf3daa1a02bbde7ba5ec",
    "type": "微信",
    "avatar": "http://placehold.it/32x32",
    "interest": [
      "阅读",
      "音乐"
    ],
    "city": "广州",
    "name": "Bradley",
    "age": 25,
    "gender": "女",
    "fans": 32573,
    "temp": 3471,
    "price": 50
  },
  {
    "_id": "577dcf3df108e7d231a2260e",
    "type": "微信",
    "avatar": "http://placehold.it/32x32",
    "interest": [
      "科技",
      "占卜",
      "军事"
    ],
    "city": "广州",
    "name": "Lane",
    "age": 38,
    "gender": "男",
    "fans": 13554,
    "temp": 1319,
    "price": 3000
  },
  {
    "_id": "577dcf3d875a42ecbaa5f37e",
    "type": "微博",
    "avatar": "http://placehold.it/32x32",
    "interest": [
      "阅读",
      "自拍"
    ],
    "city": "上海",
    "name": "Burke",
    "age": 21,
    "gender": "女",
    "fans": 57440,
    "temp": 1644,
    "price": 10000
  },
  {
    "_id": "577dcf3d71e61be0e633e846",
    "type": "微博",
    "avatar": "http://placehold.it/32x32",
    "interest": [
      "阅读"
    ],
    "city": "深圳",
    "name": "Gates",
    "age": 22,
    "gender": "男",
    "fans": 77910,
    "temp": 1446,
    "price": 150
  },
  {
    "_id": "577dcf3df51bdca20fd5cd78",
    "type": "微信",
    "avatar": "http://placehold.it/32x32",
    "interest": [
      "音乐",
      "动漫",
      "军事"
    ],
    "city": "广州",
    "name": "Rich",
    "age": 34,
    "gender": "女",
    "fans": 6982,
    "temp": 3446,
    "price": 5000
  },
  {
    "_id": "577dcf3df177411107750917",
    "type": "微博",
    "avatar": "http://placehold.it/32x32",
    "interest": [
      "电影",
      "自拍"
    ],
    "city": "北京",
    "name": "Harrington",
    "age": 35,
    "gender": "女",
    "fans": 46943,
    "temp": 1459,
    "price": 100
  },
  {
    "_id": "577dcf3dea9e495f1d4b1374",
    "type": "微博",
    "avatar": "http://placehold.it/32x32",
    "interest": [
      "时尚",
      "电影",
      "竞技"
    ],
    "city": "北京",
    "name": "Stone",
    "age": 21,
    "gender": "女",
    "fans": 19790,
    "temp": 9269,
    "price": 400
  },
  {
    "_id": "577dcf3d2f24e2a1f4dcb039",
    "type": "微博",
    "avatar": "http://placehold.it/32x32",
    "interest": [
      "阅读",
      "占卜"
    ],
    "city": "北京",
    "name": "Trevino",
    "age": 34,
    "gender": "男",
    "fans": 46767,
    "temp": 3196,
    "price": 400
  },
  {
    "_id": "577dcf3d7a0d2f8fd6634063",
    "type": "微信",
    "avatar": "http://placehold.it/32x32",
    "interest": [
      "旅游",
      "星座"
    ],
    "city": "上海",
    "name": "Franco",
    "age": 19,
    "gender": "男",
    "fans": 8559,
    "temp": 4893,
    "price": 2000
  },
  {
    "_id": "577dcf3d073874f285a26b22",
    "type": "微信",
    "avatar": "http://placehold.it/32x32",
    "interest": [
      "时尚",
      "音乐"
    ],
    "city": "广州",
    "name": "Petersen",
    "age": 20,
    "gender": "男",
    "fans": 31329,
    "temp": 8254,
    "price": 800
  },
  {
    "_id": "577dcf3d2baafbfaf4ac9c4e",
    "type": "微博",
    "avatar": "http://placehold.it/32x32",
    "interest": [
      "自拍",
      "阅读",
      "军事"
    ],
    "city": "上海",
    "name": "Sloan",
    "age": 38,
    "gender": "男",
    "fans": 66351,
    "temp": 4189,
    "price": 20
  },
  {
    "_id": "577dcf3d189201262ae5009e",
    "type": "微信",
    "avatar": "http://placehold.it/32x32",
    "interest": [
      "汽车",
      "电影",
      "科技"
    ],
    "city": "上海",
    "name": "House",
    "age": 15,
    "gender": "男",
    "fans": 78589,
    "temp": 6206,
    "price": 1000
  },
  {
    "_id": "577dcf3d7b21b7245dd21b28",
    "type": "微信",
    "avatar": "http://placehold.it/32x32",
    "interest": [
      "时尚",
      "电影"
    ],
    "city": "上海",
    "name": "Ellison",
    "age": 31,
    "gender": "女",
    "fans": 27690,
    "temp": 7487,
    "price": 150
  },
  {
    "_id": "577dcf3dfc235aed77ccc94a",
    "type": "微信",
    "avatar": "http://placehold.it/32x32",
    "interest": [
      "阅读",
      "军事"
    ],
    "city": "深圳",
    "name": "Caldwell",
    "age": 21,
    "gender": "女",
    "fans": 8283,
    "temp": 2113,
    "price": 50
  },
  {
    "_id": "577dcf3d462721c889f0ad55",
    "type": "微信",
    "avatar": "http://placehold.it/32x32",
    "interest": [
      "旅游",
      "运动",
      "阅读"
    ],
    "city": "上海",
    "name": "Shannon",
    "age": 16,
    "gender": "男",
    "fans": 41339,
    "temp": 5959,
    "price": 50
  },
  {
    "_id": "577dcf3dc766fde914564390",
    "type": "微信",
    "avatar": "http://placehold.it/32x32",
    "interest": [
      "美食",
      "科技",
      "占卜"
    ],
    "city": "北京",
    "name": "Fuller",
    "age": 23,
    "gender": "男",
    "fans": 5726,
    "temp": 6331,
    "price": 200
  },
  {
    "_id": "577dcf3d96d7fd4d7cec3fa3",
    "type": "微博",
    "avatar": "http://placehold.it/32x32",
    "interest": [
      "科技"
    ],
    "city": "广州",
    "name": "Pearson",
    "age": 13,
    "gender": "男",
    "fans": 32399,
    "temp": 5694,
    "price": 200
  },
  {
    "_id": "577dcf3d48ed75f882898db2",
    "type": "微信",
    "avatar": "http://placehold.it/32x32",
    "interest": [
      "阅读",
      "运动",
      "动漫"
    ],
    "city": "上海",
    "name": "Kirk",
    "age": 34,
    "gender": "女",
    "fans": 54429,
    "temp": 1322,
    "price": 800
  },
  {
    "_id": "577dcf3dc0c39fceaf14f698",
    "type": "微博",
    "avatar": "http://placehold.it/32x32",
    "interest": [
      "美食"
    ],
    "city": "上海",
    "name": "Hendrix",
    "age": 20,
    "gender": "女",
    "fans": 67072,
    "temp": 5994,
    "price": 400
  },
  {
    "_id": "577dcf3de5cd6993f2f50afc",
    "type": "微信",
    "avatar": "http://placehold.it/32x32",
    "interest": [
      "星座",
      "汽车"
    ],
    "city": "深圳",
    "name": "Haynes",
    "age": 31,
    "gender": "男",
    "fans": 82133,
    "temp": 6200,
    "price": 20
  },
  {
    "_id": "577dcf3df09dfac27f61c810",
    "type": "微博",
    "avatar": "http://placehold.it/32x32",
    "interest": [
      "动漫"
    ],
    "city": "北京",
    "name": "Schneider",
    "age": 25,
    "gender": "男",
    "fans": 54040,
    "temp": 1715,
    "price": 1000
  },
  {
    "_id": "577dcf3d0e6a9534b9a936a2",
    "type": "微信",
    "avatar": "http://placehold.it/32x32",
    "interest": [
      "音乐",
      "星座",
      "汽车"
    ],
    "city": "广州",
    "name": "Durham",
    "age": 28,
    "gender": "男",
    "fans": 57531,
    "temp": 3533,
    "price": 1000
  },
  {
    "_id": "577dcf3d0570ec58ff87d437",
    "type": "微信",
    "avatar": "http://placehold.it/32x32",
    "interest": [
      "时尚"
    ],
    "city": "北京",
    "name": "Hughes",
    "age": 30,
    "gender": "女",
    "fans": 58532,
    "temp": 4952,
    "price": 100
  },
  {
    "_id": "577dcf3d8ecd89bbe85fd90c",
    "type": "微信",
    "avatar": "http://placehold.it/32x32",
    "interest": [
      "科技"
    ],
    "city": "深圳",
    "name": "Glenn",
    "age": 28,
    "gender": "男",
    "fans": 7742,
    "temp": 2512,
    "price": 5000
  },
  {
    "_id": "577dcf3db73fe674812970a0",
    "type": "微博",
    "avatar": "http://placehold.it/32x32",
    "interest": [
      "阅读",
      "电影",
      "汽车"
    ],
    "city": "广州",
    "name": "Lambert",
    "age": 34,
    "gender": "男",
    "fans": 57707,
    "temp": 2386,
    "price": 10000
  },
  {
    "_id": "577dcf3dffab82cb89ce585f",
    "type": "微博",
    "avatar": "http://placehold.it/32x32",
    "interest": [
      "竞技"
    ],
    "city": "深圳",
    "name": "Powell",
    "age": 28,
    "gender": "男",
    "fans": 60403,
    "temp": 4126,
    "price": 50
  },
  {
    "_id": "577dcf3d9a8e5a1c6c5531af",
    "type": "微博",
    "avatar": "http://placehold.it/32x32",
    "interest": [
      "阅读",
      "阅读",
      "汽车"
    ],
    "city": "深圳",
    "name": "Conrad",
    "age": 20,
    "gender": "男",
    "fans": 66402,
    "temp": 3218,
    "price": 3000
  },
  {
    "_id": "577dcf3dbafd9b53ebb646bc",
    "type": "微信",
    "avatar": "http://placehold.it/32x32",
    "interest": [
      "军事",
      "科技",
      "旅游"
    ],
    "city": "深圳",
    "name": "Cook",
    "age": 34,
    "gender": "男",
    "fans": 66866,
    "temp": 1499,
    "price": 1000
  },
  {
    "_id": "577dcf3d1d05b702d35f5345",
    "type": "微博",
    "avatar": "http://placehold.it/32x32",
    "interest": [
      "运动",
      "汽车",
      "美食"
    ],
    "city": "深圳",
    "name": "Ratliff",
    "age": 33,
    "gender": "女",
    "fans": 80012,
    "temp": 5164,
    "price": 3000
  },
  {
    "_id": "577dcf3df57e5ff8e5755afe",
    "type": "微博",
    "avatar": "http://placehold.it/32x32",
    "interest": [
      "音乐",
      "汽车",
      "美食"
    ],
    "city": "上海",
    "name": "Wilkinson",
    "age": 36,
    "gender": "女",
    "fans": 42497,
    "temp": 3697,
    "price": 400
  },
  {
    "_id": "577dcf3da552f3533590d25c",
    "type": "微信",
    "avatar": "http://placehold.it/32x32",
    "interest": [
      "自拍",
      "时尚",
      "美食"
    ],
    "city": "上海",
    "name": "Pratt",
    "age": 26,
    "gender": "男",
    "fans": 11254,
    "temp": 7266,
    "price": 3000
  },
  {
    "_id": "577dcf3d87b66ad3c05920f9",
    "type": "微博",
    "avatar": "http://placehold.it/32x32",
    "interest": [
      "动漫",
      "汽车"
    ],
    "city": "广州",
    "name": "Small",
    "age": 32,
    "gender": "男",
    "fans": 33033,
    "temp": 3601,
    "price": 300
  },
  {
    "_id": "577dcf3dfb5c8d0269c4e707",
    "type": "微博",
    "avatar": "http://placehold.it/32x32",
    "interest": [
      "阅读",
      "自拍",
      "占卜"
    ],
    "city": "上海",
    "name": "Hood",
    "age": 24,
    "gender": "男",
    "fans": 7938,
    "temp": 8065,
    "price": 400
  },
  {
    "_id": "577dcf3d02b40e02282d7dc7",
    "type": "微博",
    "avatar": "http://placehold.it/32x32",
    "interest": [
      "美食"
    ],
    "city": "深圳",
    "name": "Barton",
    "age": 35,
    "gender": "男",
    "fans": 82170,
    "temp": 3112,
    "price": 3000
  },
  {
    "_id": "577dcf3dbc1a8dd7e8e09bc5",
    "type": "微信",
    "avatar": "http://placehold.it/32x32",
    "interest": [
      "汽车",
      "占卜",
      "军事"
    ],
    "city": "广州",
    "name": "Hensley",
    "age": 14,
    "gender": "男",
    "fans": 26535,
    "temp": 2955,
    "price": 200
  },
  {
    "_id": "577dcf3d35f774098166f581",
    "type": "微信",
    "avatar": "http://placehold.it/32x32",
    "interest": [
      "汽车",
      "动漫"
    ],
    "city": "广州",
    "name": "Tillman",
    "age": 19,
    "gender": "女",
    "fans": 63199,
    "temp": 8420,
    "price": 50
  },
  {
    "_id": "577dcf3d500c5e96e7f119da",
    "type": "微博",
    "avatar": "http://placehold.it/32x32",
    "interest": [
      "竞技"
    ],
    "city": "上海",
    "name": "Pate",
    "age": 32,
    "gender": "男",
    "fans": 44489,
    "temp": 2843,
    "price": 50
  },
  {
    "_id": "577dcf3ddf0b57d44f272895",
    "type": "微博",
    "avatar": "http://placehold.it/32x32",
    "interest": [
      "军事",
      "占卜"
    ],
    "city": "深圳",
    "name": "Mitchell",
    "age": 24,
    "gender": "女",
    "fans": 73582,
    "temp": 9492,
    "price": 3000
  },
  {
    "_id": "577dcf3de5b757491015449f",
    "type": "微博",
    "avatar": "http://placehold.it/32x32",
    "interest": [
      "汽车",
      "阅读",
      "竞技"
    ],
    "city": "北京",
    "name": "Simpson",
    "age": 17,
    "gender": "男",
    "fans": 11653,
    "temp": 3387,
    "price": 500
  },
  {
    "_id": "577dcf3d812763b8746ad45f",
    "type": "微博",
    "avatar": "http://placehold.it/32x32",
    "interest": [
      "旅游",
      "阅读",
      "竞技"
    ],
    "city": "上海",
    "name": "Booker",
    "age": 36,
    "gender": "男",
    "fans": 39644,
    "temp": 5625,
    "price": 300
  },
  {
    "_id": "577dcf3dce83f98be69b63b7",
    "type": "微信",
    "avatar": "http://placehold.it/32x32",
    "interest": [
      "阅读"
    ],
    "city": "北京",
    "name": "Villarreal",
    "age": 38,
    "gender": "男",
    "fans": 47923,
    "temp": 4407,
    "price": 3000
  },
  {
    "_id": "577dcf3d606d646a989af301",
    "type": "微信",
    "avatar": "http://placehold.it/32x32",
    "interest": [
      "旅游"
    ],
    "city": "深圳",
    "name": "Mccray",
    "age": 26,
    "gender": "男",
    "fans": 34745,
    "temp": 1929,
    "price": 150
  },
  {
    "_id": "577dcf3d17c23bcc2b07be0a",
    "type": "微博",
    "avatar": "http://placehold.it/32x32",
    "interest": [
      "旅游",
      "自拍"
    ],
    "city": "广州",
    "name": "Kelly",
    "age": 27,
    "gender": "男",
    "fans": 28558,
    "temp": 6071,
    "price": 20
  },
  {
    "_id": "577dcf3df40ef9da80472c94",
    "type": "微信",
    "avatar": "http://placehold.it/32x32",
    "interest": [
      "音乐"
    ],
    "city": "上海",
    "name": "Copeland",
    "age": 38,
    "gender": "男",
    "fans": 35248,
    "temp": 7422,
    "price": 5000
  },
  {
    "_id": "577dcf3d600c5bce52101c0a",
    "type": "微博",
    "avatar": "http://placehold.it/32x32",
    "interest": [
      "自拍",
      "阅读",
      "星座"
    ],
    "city": "北京",
    "name": "Chambers",
    "age": 30,
    "gender": "女",
    "fans": 62932,
    "temp": 8237,
    "price": 30
  },
  {
    "_id": "577dcf3d5ab15370288c015d",
    "type": "微信",
    "avatar": "http://placehold.it/32x32",
    "interest": [
      "时尚",
      "汽车",
      "阅读"
    ],
    "city": "上海",
    "name": "Giles",
    "age": 21,
    "gender": "女",
    "fans": 15906,
    "temp": 1535,
    "price": 10000
  },
  {
    "_id": "577dcf3d57325f25558faaad",
    "type": "微信",
    "avatar": "http://placehold.it/32x32",
    "interest": [
      "音乐",
      "运动"
    ],
    "city": "北京",
    "name": "Hendricks",
    "age": 23,
    "gender": "男",
    "fans": 73486,
    "temp": 9962,
    "price": 20
  },
  {
    "_id": "577dcf3d857e736507a5bccc",
    "type": "微博",
    "avatar": "http://placehold.it/32x32",
    "interest": [
      "电影",
      "竞技",
      "动漫"
    ],
    "city": "上海",
    "name": "Rocha",
    "age": 18,
    "gender": "女",
    "fans": 87120,
    "temp": 1302,
    "price": 100
  },
  {
    "_id": "577dcf3d5658214c0a32ffe7",
    "type": "微信",
    "avatar": "http://placehold.it/32x32",
    "interest": [
      "军事",
      "美食"
    ],
    "city": "广州",
    "name": "Farmer",
    "age": 30,
    "gender": "女",
    "fans": 62875,
    "temp": 3030,
    "price": 300
  },
  {
    "_id": "577dcf3d7129ea989d72c0be",
    "type": "微博",
    "avatar": "http://placehold.it/32x32",
    "interest": [
      "竞技"
    ],
    "city": "深圳",
    "name": "Banks",
    "age": 26,
    "gender": "男",
    "fans": 26551,
    "temp": 5475,
    "price": 20
  },
  {
    "_id": "577dcf3d59bf77e77f144bf1",
    "type": "微信",
    "avatar": "http://placehold.it/32x32",
    "interest": [
      "自拍"
    ],
    "city": "广州",
    "name": "Russo",
    "age": 35,
    "gender": "女",
    "fans": 28424,
    "temp": 9499,
    "price": 10000
  },
  {
    "_id": "577dcf3d687aa25b0a5f60bc",
    "type": "微博",
    "avatar": "http://placehold.it/32x32",
    "interest": [
      "自拍",
      "音乐",
      "阅读"
    ],
    "city": "深圳",
    "name": "Morin",
    "age": 28,
    "gender": "女",
    "fans": 23064,
    "temp": 6620,
    "price": 50
  },
  {
    "_id": "577dcf3d9286a9a9c3fb2b38",
    "type": "微信",
    "avatar": "http://placehold.it/32x32",
    "interest": [
      "阅读"
    ],
    "city": "上海",
    "name": "Pacheco",
    "age": 30,
    "gender": "女",
    "fans": 5422,
    "temp": 4974,
    "price": 500
  },
  {
    "_id": "577dcf3d42d6399fc8765c41",
    "type": "微信",
    "avatar": "http://placehold.it/32x32",
    "interest": [
      "科技",
      "星座"
    ],
    "city": "北京",
    "name": "Sullivan",
    "age": 38,
    "gender": "男",
    "fans": 44684,
    "temp": 2978,
    "price": 5000
  },
  {
    "_id": "577dcf3d4a63c8b177dd0238",
    "type": "微信",
    "avatar": "http://placehold.it/32x32",
    "interest": [
      "动漫"
    ],
    "city": "深圳",
    "name": "Buckley",
    "age": 23,
    "gender": "男",
    "fans": 41535,
    "temp": 1303,
    "price": 150
  },
  {
    "_id": "577dcf3dfeab970f087f55d3",
    "type": "微博",
    "avatar": "http://placehold.it/32x32",
    "interest": [
      "音乐",
      "美食"
    ],
    "city": "深圳",
    "name": "Roth",
    "age": 15,
    "gender": "女",
    "fans": 18443,
    "temp": 6071,
    "price": 1000
  },
  {
    "_id": "577dcf3df4e1c9b44e04f8cf",
    "type": "微博",
    "avatar": "http://placehold.it/32x32",
    "interest": [
      "动漫",
      "音乐"
    ],
    "city": "北京",
    "name": "Mooney",
    "age": 23,
    "gender": "男",
    "fans": 38201,
    "temp": 5808,
    "price": 10000
  },
  {
    "_id": "577dcf3d5c77ad740b60c434",
    "type": "微信",
    "avatar": "http://placehold.it/32x32",
    "interest": [
      "占卜"
    ],
    "city": "深圳",
    "name": "Jacobs",
    "age": 33,
    "gender": "男",
    "fans": 87974,
    "temp": 7211,
    "price": 3000
  },
  {
    "_id": "577dcf3db7ae55aa31ac551e",
    "type": "微信",
    "avatar": "http://placehold.it/32x32",
    "interest": [
      "旅游",
      "占卜"
    ],
    "city": "广州",
    "name": "Malone",
    "age": 16,
    "gender": "男",
    "fans": 76447,
    "temp": 9700,
    "price": 200
  },
  {
    "_id": "577dcf3d1b205c9bffb901a1",
    "type": "微博",
    "avatar": "http://placehold.it/32x32",
    "interest": [
      "动漫",
      "时尚"
    ],
    "city": "北京",
    "name": "Clark",
    "age": 23,
    "gender": "男",
    "fans": 60719,
    "temp": 6909,
    "price": 50
  },
  {
    "_id": "577dcf3d2a45d8616fc44808",
    "type": "微信",
    "avatar": "http://placehold.it/32x32",
    "interest": [
      "时尚",
      "动漫",
      "科技"
    ],
    "city": "上海",
    "name": "Hanson",
    "age": 18,
    "gender": "女",
    "fans": 35750,
    "temp": 9760,
    "price": 400
  },
  {
    "_id": "577dcf3d958b0223c7a2e2a6",
    "type": "微信",
    "avatar": "http://placehold.it/32x32",
    "interest": [
      "星座",
      "军事"
    ],
    "city": "上海",
    "name": "Lindsey",
    "age": 36,
    "gender": "男",
    "fans": 62446,
    "temp": 8737,
    "price": 30
  },
  {
    "_id": "577dcf3de7019600abfea31b",
    "type": "微博",
    "avatar": "http://placehold.it/32x32",
    "interest": [
      "动漫",
      "竞技",
      "电影"
    ],
    "city": "北京",
    "name": "Gomez",
    "age": 31,
    "gender": "男",
    "fans": 49271,
    "temp": 2910,
    "price": 200
  },
  {
    "_id": "577dcf3d710c07e47fb19253",
    "type": "微信",
    "avatar": "http://placehold.it/32x32",
    "interest": [
      "音乐",
      "占卜"
    ],
    "city": "上海",
    "name": "Hodges",
    "age": 35,
    "gender": "女",
    "fans": 54823,
    "temp": 7621,
    "price": 800
  },
  {
    "_id": "577dcf3df1ea7b781f40ac3a",
    "type": "微信",
    "avatar": "http://placehold.it/32x32",
    "interest": [
      "运动"
    ],
    "city": "广州",
    "name": "Vega",
    "age": 22,
    "gender": "女",
    "fans": 37307,
    "temp": 6205,
    "price": 150
  },
  {
    "_id": "577dcf3d47f5231b37d6f92b",
    "type": "微信",
    "avatar": "http://placehold.it/32x32",
    "interest": [
      "军事",
      "音乐"
    ],
    "city": "广州",
    "name": "Estes",
    "age": 20,
    "gender": "男",
    "fans": 37567,
    "temp": 4906,
    "price": 2000
  },
  {
    "_id": "577dcf3d75003a9d237279ed",
    "type": "微信",
    "avatar": "http://placehold.it/32x32",
    "interest": [
      "阅读",
      "自拍"
    ],
    "city": "北京",
    "name": "Turner",
    "age": 35,
    "gender": "男",
    "fans": 12695,
    "temp": 1287,
    "price": 10000
  },
  {
    "_id": "577dcf3dfc992538d625f1a3",
    "type": "微信",
    "avatar": "http://placehold.it/32x32",
    "interest": [
      "阅读",
      "电影"
    ],
    "city": "深圳",
    "name": "Sims",
    "age": 19,
    "gender": "女",
    "fans": 24896,
    "temp": 5832,
    "price": 1000
  },
  {
    "_id": "577dcf3d620ac677dc938a72",
    "type": "微信",
    "avatar": "http://placehold.it/32x32",
    "interest": [
      "旅游",
      "科技"
    ],
    "city": "深圳",
    "name": "Mann",
    "age": 28,
    "gender": "女",
    "fans": 46830,
    "temp": 2190,
    "price": 5000
  },
  {
    "_id": "577dcf3da746e9c1b40b42b0",
    "type": "微博",
    "avatar": "http://placehold.it/32x32",
    "interest": [
      "旅游",
      "旅游",
      "占卜"
    ],
    "city": "广州",
    "name": "Perez",
    "age": 37,
    "gender": "女",
    "fans": 50017,
    "temp": 1999,
    "price": 30
  },
  {
    "_id": "577dcf3dc80ae737d825480c",
    "type": "微信",
    "avatar": "http://placehold.it/32x32",
    "interest": [
      "自拍"
    ],
    "city": "深圳",
    "name": "Molina",
    "age": 25,
    "gender": "男",
    "fans": 33730,
    "temp": 4663,
    "price": 200
  },
  {
    "_id": "577dcf3df12b298b4a3d57e1",
    "type": "微信",
    "avatar": "http://placehold.it/32x32",
    "interest": [
      "电影",
      "自拍",
      "占卜"
    ],
    "city": "上海",
    "name": "Floyd",
    "age": 35,
    "gender": "男",
    "fans": 64166,
    "temp": 2427,
    "price": 150
  },
  {
    "_id": "577dcf3d01a8ef1c7eda6b3d",
    "type": "微信",
    "avatar": "http://placehold.it/32x32",
    "interest": [
      "占卜"
    ],
    "city": "深圳",
    "name": "Singleton",
    "age": 30,
    "gender": "女",
    "fans": 78155,
    "temp": 4146,
    "price": 2000
  },
  {
    "_id": "577dcf3d41cb73dca32ae0cf",
    "type": "微信",
    "avatar": "http://placehold.it/32x32",
    "interest": [
      "阅读",
      "时尚",
      "自拍"
    ],
    "city": "上海",
    "name": "Dodson",
    "age": 27,
    "gender": "男",
    "fans": 25243,
    "temp": 2927,
    "price": 20
  },
  {
    "_id": "577dcf3d6f934b6fbadd14d6",
    "type": "微信",
    "avatar": "http://placehold.it/32x32",
    "interest": [
      "电影",
      "美食",
      "阅读"
    ],
    "city": "深圳",
    "name": "Finch",
    "age": 29,
    "gender": "男",
    "fans": 30187,
    "temp": 8614,
    "price": 20
  },
  {
    "_id": "577dcf3de8cdf124a6c9b2f7",
    "type": "微信",
    "avatar": "http://placehold.it/32x32",
    "interest": [
      "动漫"
    ],
    "city": "深圳",
    "name": "Barrett",
    "age": 29,
    "gender": "男",
    "fans": 23278,
    "temp": 3173,
    "price": 50
  },
  {
    "_id": "577dcf3d84b5cfa61861e7e2",
    "type": "微信",
    "avatar": "http://placehold.it/32x32",
    "interest": [
      "阅读",
      "美食",
      "阅读"
    ],
    "city": "北京",
    "name": "Conley",
    "age": 26,
    "gender": "男",
    "fans": 47368,
    "temp": 7309,
    "price": 200
  },
  {
    "_id": "577dcf3d67651dd5e971797d",
    "type": "微信",
    "avatar": "http://placehold.it/32x32",
    "interest": [
      "时尚",
      "动漫"
    ],
    "city": "北京",
    "name": "Hayden",
    "age": 22,
    "gender": "女",
    "fans": 76731,
    "temp": 6076,
    "price": 20
  },
  {
    "_id": "577dcf3d07f5ca3d38cef30b",
    "type": "微博",
    "avatar": "http://placehold.it/32x32",
    "interest": [
      "阅读"
    ],
    "city": "上海",
    "name": "Cortez",
    "age": 29,
    "gender": "男",
    "fans": 85819,
    "temp": 2397,
    "price": 30
  },
  {
    "_id": "577dcf3dab3c7800d2c1641f",
    "type": "微信",
    "avatar": "http://placehold.it/32x32",
    "interest": [
      "军事"
    ],
    "city": "上海",
    "name": "Vaughn",
    "age": 22,
    "gender": "女",
    "fans": 8820,
    "temp": 5787,
    "price": 800
  },
  {
    "_id": "577dcf3d2a4e9d73b7e01abd",
    "type": "微博",
    "avatar": "http://placehold.it/32x32",
    "interest": [
      "占卜",
      "竞技"
    ],
    "city": "上海",
    "name": "Weeks",
    "age": 38,
    "gender": "男",
    "fans": 60192,
    "temp": 8760,
    "price": 150
  },
  {
    "_id": "577dcf3d8d9fe68c5a6296e7",
    "type": "微信",
    "avatar": "http://placehold.it/32x32",
    "interest": [
      "阅读"
    ],
    "city": "上海",
    "name": "Meadows",
    "age": 16,
    "gender": "女",
    "fans": 57984,
    "temp": 4680,
    "price": 50
  },
  {
    "_id": "577dcf3d78d5f8ae300dad3b",
    "type": "微信",
    "avatar": "http://placehold.it/32x32",
    "interest": [
      "占卜",
      "占卜"
    ],
    "city": "广州",
    "name": "Wooten",
    "age": 13,
    "gender": "女",
    "fans": 29626,
    "temp": 7080,
    "price": 1000
  },
  {
    "_id": "577dcf3da8e700cd5ce5e7cc",
    "type": "微博",
    "avatar": "http://placehold.it/32x32",
    "interest": [
      "占卜"
    ],
    "city": "上海",
    "name": "Gutierrez",
    "age": 24,
    "gender": "男",
    "fans": 44859,
    "temp": 6602,
    "price": 20
  },
  {
    "_id": "577dcf3d45165dea2aea4ab2",
    "type": "微博",
    "avatar": "http://placehold.it/32x32",
    "interest": [
      "军事",
      "军事"
    ],
    "city": "上海",
    "name": "Bartlett",
    "age": 14,
    "gender": "男",
    "fans": 51626,
    "temp": 8189,
    "price": 500
  },
  {
    "_id": "577dcf3d77c31550afb7e58e",
    "type": "微信",
    "avatar": "http://placehold.it/32x32",
    "interest": [
      "汽车",
      "电影",
      "星座"
    ],
    "city": "上海",
    "name": "Bernard",
    "age": 29,
    "gender": "男",
    "fans": 89977,
    "temp": 8295,
    "price": 400
  },
  {
    "_id": "577dcf3deff0b66130b6c88d",
    "type": "微博",
    "avatar": "http://placehold.it/32x32",
    "interest": [
      "竞技",
      "动漫"
    ],
    "city": "深圳",
    "name": "Mcdowell",
    "age": 38,
    "gender": "男",
    "fans": 28177,
    "temp": 5780,
    "price": 2000
  },
  {
    "_id": "577dcf3d696a0db0318dacc2",
    "type": "微博",
    "avatar": "http://placehold.it/32x32",
    "interest": [
      "占卜"
    ],
    "city": "深圳",
    "name": "Dickson",
    "age": 21,
    "gender": "男",
    "fans": 13840,
    "temp": 7651,
    "price": 50
  },
  {
    "_id": "577dcf3d98bda53b3d11732e",
    "type": "微博",
    "avatar": "http://placehold.it/32x32",
    "interest": [
      "科技",
      "音乐",
      "自拍"
    ],
    "city": "深圳",
    "name": "Castaneda",
    "age": 15,
    "gender": "男",
    "fans": 26902,
    "temp": 2995,
    "price": 500
  },
  {
    "_id": "577dcf3d877993ba7b58e5d1",
    "type": "微信",
    "avatar": "http://placehold.it/32x32",
    "interest": [
      "旅游",
      "竞技"
    ],
    "city": "深圳",
    "name": "Larson",
    "age": 38,
    "gender": "男",
    "fans": 39991,
    "temp": 4234,
    "price": 500
  },
  {
    "_id": "577dcf3df0d9af8d37977248",
    "type": "微信",
    "avatar": "http://placehold.it/32x32",
    "interest": [
      "音乐",
      "时尚"
    ],
    "city": "广州",
    "name": "Henry",
    "age": 24,
    "gender": "男",
    "fans": 6540,
    "temp": 8142,
    "price": 500
  },
  {
    "_id": "577dcf3d02ba56a2486a35be",
    "type": "微博",
    "avatar": "http://placehold.it/32x32",
    "interest": [
      "自拍"
    ],
    "city": "北京",
    "name": "Ramsey",
    "age": 30,
    "gender": "女",
    "fans": 57985,
    "temp": 9561,
    "price": 10000
  },
  {
    "_id": "577dcf3d5b9e386503c0b96b",
    "type": "微博",
    "avatar": "http://placehold.it/32x32",
    "interest": [
      "动漫"
    ],
    "city": "广州",
    "name": "Howard",
    "age": 12,
    "gender": "女",
    "fans": 7501,
    "temp": 5558,
    "price": 5000
  },
  {
    "_id": "577dcf3d12a9af8f3a39529e",
    "type": "微博",
    "avatar": "http://placehold.it/32x32",
    "interest": [
      "电影"
    ],
    "city": "北京",
    "name": "Trujillo",
    "age": 27,
    "gender": "男",
    "fans": 7247,
    "temp": 3494,
    "price": 2000
  },
  {
    "_id": "577dcf3dedd3a14963317f3d",
    "type": "微信",
    "avatar": "http://placehold.it/32x32",
    "interest": [
      "科技",
      "音乐"
    ],
    "city": "北京",
    "name": "Todd",
    "age": 22,
    "gender": "女",
    "fans": 60473,
    "temp": 6833,
    "price": 150
  },
  {
    "_id": "577dcf3d2012bdd6733c3990",
    "type": "微信",
    "avatar": "http://placehold.it/32x32",
    "interest": [
      "军事",
      "阅读",
      "自拍"
    ],
    "city": "深圳",
    "name": "Cole",
    "age": 27,
    "gender": "男",
    "fans": 79537,
    "temp": 6052,
    "price": 3000
  },
  {
    "_id": "577dcf3dee83c50c4e9c7222",
    "type": "微信",
    "avatar": "http://placehold.it/32x32",
    "interest": [
      "占卜",
      "自拍"
    ],
    "city": "上海",
    "name": "Cochran",
    "age": 26,
    "gender": "女",
    "fans": 73750,
    "temp": 3495,
    "price": 800
  },
  {
    "_id": "577dcf3de746595e46ff1c82",
    "type": "微博",
    "avatar": "http://placehold.it/32x32",
    "interest": [
      "动漫"
    ],
    "city": "深圳",
    "name": "May",
    "age": 29,
    "gender": "女",
    "fans": 40003,
    "temp": 2179,
    "price": 5000
  },
  {
    "_id": "577dcf3df639ce0b4ab2c70e",
    "type": "微博",
    "avatar": "http://placehold.it/32x32",
    "interest": [
      "时尚",
      "阅读",
      "军事"
    ],
    "city": "深圳",
    "name": "Long",
    "age": 20,
    "gender": "女",
    "fans": 74430,
    "temp": 8367,
    "price": 200
  },
  {
    "_id": "577dcf3d189a16ff1c9fe960",
    "type": "微博",
    "avatar": "http://placehold.it/32x32",
    "interest": [
      "美食"
    ],
    "city": "广州",
    "name": "Blair",
    "age": 22,
    "gender": "女",
    "fans": 58648,
    "temp": 7030,
    "price": 2000
  },
  {
    "_id": "577dcf3d15544e3da6a1a418",
    "type": "微博",
    "avatar": "http://placehold.it/32x32",
    "interest": [
      "阅读",
      "军事"
    ],
    "city": "北京",
    "name": "Humphrey",
    "age": 32,
    "gender": "女",
    "fans": 12253,
    "temp": 9737,
    "price": 800
  },
  {
    "_id": "577dcf3dacf32ce31d7e523c",
    "type": "微博",
    "avatar": "http://placehold.it/32x32",
    "interest": [
      "军事",
      "运动",
      "动漫"
    ],
    "city": "深圳",
    "name": "Doyle",
    "age": 14,
    "gender": "男",
    "fans": 57998,
    "temp": 7813,
    "price": 100
  },
  {
    "_id": "577dcf3d4ede0fe07943f4bc",
    "type": "微博",
    "avatar": "http://placehold.it/32x32",
    "interest": [
      "竞技",
      "旅游",
      "音乐"
    ],
    "city": "深圳",
    "name": "Hudson",
    "age": 25,
    "gender": "男",
    "fans": 25369,
    "temp": 6965,
    "price": 3000
  },
  {
    "_id": "577dcf3d57c7164fedc7620f",
    "type": "微信",
    "avatar": "http://placehold.it/32x32",
    "interest": [
      "阅读",
      "音乐",
      "电影"
    ],
    "city": "上海",
    "name": "Oneal",
    "age": 29,
    "gender": "女",
    "fans": 67279,
    "temp": 8953,
    "price": 2000
  },
  {
    "_id": "577dcf3d6dc2e7c6801fbc89",
    "type": "微信",
    "avatar": "http://placehold.it/32x32",
    "interest": [
      "美食",
      "运动",
      "占卜"
    ],
    "city": "深圳",
    "name": "Logan",
    "age": 19,
    "gender": "女",
    "fans": 64217,
    "temp": 1262,
    "price": 300
  },
  {
    "_id": "577dcf3dd87e338d2cf65477",
    "type": "微博",
    "avatar": "http://placehold.it/32x32",
    "interest": [
      "竞技",
      "科技",
      "阅读"
    ],
    "city": "广州",
    "name": "Juarez",
    "age": 15,
    "gender": "女",
    "fans": 62885,
    "temp": 9672,
    "price": 3000
  },
  {
    "_id": "577dcf3df0547ab9e6ff0ecd",
    "type": "微博",
    "avatar": "http://placehold.it/32x32",
    "interest": [
      "运动",
      "电影",
      "科技"
    ],
    "city": "上海",
    "name": "Tran",
    "age": 28,
    "gender": "女",
    "fans": 74402,
    "temp": 1996,
    "price": 2000
  },
  {
    "_id": "577dcf3d8605a322d7e1d948",
    "type": "微博",
    "avatar": "http://placehold.it/32x32",
    "interest": [
      "阅读",
      "阅读",
      "竞技"
    ],
    "city": "上海",
    "name": "Donovan",
    "age": 16,
    "gender": "女",
    "fans": 46972,
    "temp": 6426,
    "price": 30
  },
  {
    "_id": "577dcf3d5d64afd42230f366",
    "type": "微博",
    "avatar": "http://placehold.it/32x32",
    "interest": [
      "动漫"
    ],
    "city": "广州",
    "name": "Cohen",
    "age": 37,
    "gender": "女",
    "fans": 56907,
    "temp": 9407,
    "price": 800
  },
  {
    "_id": "577dcf3d6bf755aa75daedea",
    "type": "微博",
    "avatar": "http://placehold.it/32x32",
    "interest": [
      "旅游",
      "动漫",
      "旅游"
    ],
    "city": "北京",
    "name": "Schmidt",
    "age": 36,
    "gender": "男",
    "fans": 42639,
    "temp": 1738,
    "price": 20
  },
  {
    "_id": "577dcf3d8504c7d1cba14fdc",
    "type": "微博",
    "avatar": "http://placehold.it/32x32",
    "interest": [
      "运动",
      "美食"
    ],
    "city": "深圳",
    "name": "Oliver",
    "age": 36,
    "gender": "男",
    "fans": 17096,
    "temp": 8540,
    "price": 2000
  },
  {
    "_id": "577dcf3d01bbd8acbaae9437",
    "type": "微信",
    "avatar": "http://placehold.it/32x32",
    "interest": [
      "阅读",
      "科技"
    ],
    "city": "北京",
    "name": "Tyler",
    "age": 32,
    "gender": "男",
    "fans": 20598,
    "temp": 3002,
    "price": 10000
  },
  {
    "_id": "577dcf3d1efed6c45229444b",
    "type": "微博",
    "avatar": "http://placehold.it/32x32",
    "interest": [
      "阅读"
    ],
    "city": "上海",
    "name": "Clayton",
    "age": 24,
    "gender": "男",
    "fans": 49548,
    "temp": 9932,
    "price": 1000
  },
  {
    "_id": "577dcf3dfc800cb20893a9a7",
    "type": "微博",
    "avatar": "http://placehold.it/32x32",
    "interest": [
      "竞技"
    ],
    "city": "广州",
    "name": "Prince",
    "age": 19,
    "gender": "男",
    "fans": 71640,
    "temp": 6876,
    "price": 300
  },
  {
    "_id": "577dcf3d367b5cc066111f3b",
    "type": "微博",
    "avatar": "http://placehold.it/32x32",
    "interest": [
      "时尚"
    ],
    "city": "深圳",
    "name": "Daugherty",
    "age": 26,
    "gender": "男",
    "fans": 23118,
    "temp": 7778,
    "price": 300
  },
  {
    "_id": "577dcf3d19aa07690345466b",
    "type": "微信",
    "avatar": "http://placehold.it/32x32",
    "interest": [
      "科技",
      "音乐"
    ],
    "city": "北京",
    "name": "Kent",
    "age": 16,
    "gender": "女",
    "fans": 10108,
    "temp": 5848,
    "price": 200
  },
  {
    "_id": "577dcf3d5b72f52f1be80892",
    "type": "微博",
    "avatar": "http://placehold.it/32x32",
    "interest": [
      "汽车",
      "美食"
    ],
    "city": "深圳",
    "name": "Hicks",
    "age": 35,
    "gender": "男",
    "fans": 81177,
    "temp": 5133,
    "price": 150
  },
  {
    "_id": "577dcf3d95bb240d74d8fce6",
    "type": "微博",
    "avatar": "http://placehold.it/32x32",
    "interest": [
      "电影"
    ],
    "city": "广州",
    "name": "Gray",
    "age": 13,
    "gender": "女",
    "fans": 19155,
    "temp": 5513,
    "price": 300
  },
  {
    "_id": "577dcf3dc751a0d98021d2eb",
    "type": "微博",
    "avatar": "http://placehold.it/32x32",
    "interest": [
      "阅读",
      "竞技"
    ],
    "city": "北京",
    "name": "Leach",
    "age": 15,
    "gender": "男",
    "fans": 43110,
    "temp": 2358,
    "price": 400
  },
  {
    "_id": "577dcf3d253c7e57056f13f9",
    "type": "微信",
    "avatar": "http://placehold.it/32x32",
    "interest": [
      "科技",
      "电影"
    ],
    "city": "深圳",
    "name": "Duran",
    "age": 12,
    "gender": "女",
    "fans": 60061,
    "temp": 9300,
    "price": 30
  },
  {
    "_id": "577dcf3d95a0bb09bd9c1844",
    "type": "微信",
    "avatar": "http://placehold.it/32x32",
    "interest": [
      "占卜",
      "科技"
    ],
    "city": "上海",
    "name": "Russell",
    "age": 27,
    "gender": "男",
    "fans": 16855,
    "temp": 5639,
    "price": 200
  },
  {
    "_id": "577dcf3d08af71a967e75960",
    "type": "微信",
    "avatar": "http://placehold.it/32x32",
    "interest": [
      "占卜",
      "时尚",
      "占卜"
    ],
    "city": "广州",
    "name": "Sosa",
    "age": 15,
    "gender": "男",
    "fans": 19985,
    "temp": 7665,
    "price": 400
  },
  {
    "_id": "577dcf3d053fba1be6fa9f46",
    "type": "微博",
    "avatar": "http://placehold.it/32x32",
    "interest": [
      "旅游",
      "科技",
      "美食"
    ],
    "city": "深圳",
    "name": "Michael",
    "age": 30,
    "gender": "女",
    "fans": 49281,
    "temp": 4282,
    "price": 5000
  },
  {
    "_id": "577dcf3d224cddb8b63d8bf9",
    "type": "微博",
    "avatar": "http://placehold.it/32x32",
    "interest": [
      "动漫"
    ],
    "city": "北京",
    "name": "Paul",
    "age": 26,
    "gender": "女",
    "fans": 63642,
    "temp": 1260,
    "price": 1000
  }
]}
