{"items":[{"id":10460,"type":"支出","in":"","out":"-1000","info":"任务1支出","time":"2016-04-12 12:20"},{"id":10204,"type":"支出","in":"","out":"-1000","info":"任务2支出","time":"2016-04-12 12:20"},{"id":10278,"type":"充值","in":"+500","out":"","info":"任务3充值","time":"2016-04-12 12:20"},{"id":10540,"type":"支出","in":"","out":"-1000","info":"任务4支出","time":"2016-04-12 12:20"},{"id":10189,"type":"支出","in":"","out":"-1000","info":"任务5支出","time":"2016-04-12 12:20"},{"id":10683,"type":"充值","in":"+500","out":"","info":"任务6充值","time":"2016-04-12 12:20"},{"id":10073,"type":"支出","in":"","out":"-1000","info":"任务7支出","time":"2016-04-12 12:20"},{"id":10064,"type":"支出","in":"","out":"-1000","info":"任务8支出","time":"2016-04-12 12:20"},{"id":10317,"type":"充值","in":"+500","out":"","info":"任务9充值","time":"2016-04-12 12:20"},{"id":10936,"type":"支出","in":"","out":"-1000","info":"任务10支出","time":"2016-04-12 12:20"},{"id":10310,"type":"支出","in":"","out":"-1000","info":"任务11支出","time":"2016-04-12 12:20"},{"id":10069,"type":"充值","in":"+500","out":"","info":"任务12充值","time":"2016-04-12 12:20"},{"id":10775,"type":"支出","in":"","out":"-1000","info":"任务13支出","time":"2016-04-12 12:20"},{"id":10117,"type":"支出","in":"","out":"-1000","info":"任务14支出","time":"2016-04-12 12:20"},{"id":10288,"type":"充值","in":"+500","out":"","info":"任务15充值","time":"2016-04-12 12:20"},{"id":10408,"type":"支出","in":"","out":"-1000","info":"任务16支出","time":"2016-04-12 12:20"},{"id":10054,"type":"支出","in":"","out":"-1000","info":"任务17支出","time":"2016-04-12 12:20"},{"id":10021,"type":"充值","in":"+500","out":"","info":"任务18充值","time":"2016-04-12 12:20"},{"id":10525,"type":"支出","in":"","out":"-1000","info":"任务19支出","time":"2016-04-12 12:20"},{"id":10510,"type":"支出","in":"","out":"-1000","info":"任务20支出","time":"2016-04-12 12:20"},{"id":10756,"type":"充值","in":"+500","out":"","info":"任务21充值","time":"2016-04-12 12:20"},{"id":10111,"type":"支出","in":"","out":"-1000","info":"任务22支出","time":"2016-04-12 12:20"},{"id":10583,"type":"支出","in":"","out":"-1000","info":"任务23支出","time":"2016-04-12 12:20"},{"id":10926,"type":"充值","in":"+500","out":"","info":"任务24充值","time":"2016-04-12 12:20"},{"id":10229,"type":"支出","in":"","out":"-1000","info":"任务25支出","time":"2016-04-12 12:20"},{"id":10879,"type":"支出","in":"","out":"-1000","info":"任务26支出","time":"2016-04-12 12:20"},{"id":10067,"type":"充值","in":"+500","out":"","info":"任务27充值","time":"2016-04-12 12:20"},{"id":10140,"type":"支出","in":"","out":"-1000","info":"任务28支出","time":"2016-04-12 12:20"},{"id":10523,"type":"支出","in":"","out":"-1000","info":"任务29支出","time":"2016-04-12 12:20"},{"id":10583,"type":"充值","in":"+500","out":"","info":"任务30充值","time":"2016-04-12 12:20"},{"id":10746,"type":"支出","in":"","out":"-1000","info":"任务31支出","time":"2016-04-12 12:20"},{"id":10439,"type":"支出","in":"","out":"-1000","info":"任务32支出","time":"2016-04-12 12:20"},{"id":10643,"type":"充值","in":"+500","out":"","info":"任务33充值","time":"2016-04-12 12:20"},{"id":10470,"type":"支出","in":"","out":"-1000","info":"任务34支出","time":"2016-04-12 12:20"},{"id":10366,"type":"支出","in":"","out":"-1000","info":"任务35支出","time":"2016-04-12 12:20"},{"id":10166,"type":"充值","in":"+500","out":"","info":"任务36充值","time":"2016-04-12 12:20"},{"id":10851,"type":"支出","in":"","out":"-1000","info":"任务37支出","time":"2016-04-12 12:20"},{"id":10571,"type":"支出","in":"","out":"-1000","info":"任务38支出","time":"2016-04-12 12:20"},{"id":10007,"type":"充值","in":"+500","out":"","info":"任务39充值","time":"2016-04-12 12:20"},{"id":10651,"type":"支出","in":"","out":"-1000","info":"任务40支出","time":"2016-04-12 12:20"},{"id":10163,"type":"支出","in":"","out":"-1000","info":"任务41支出","time":"2016-04-12 12:20"},{"id":10163,"type":"充值","in":"+500","out":"","info":"任务42充值","time":"2016-04-12 12:20"},{"id":10978,"type":"支出","in":"","out":"-1000","info":"任务43支出","time":"2016-04-12 12:20"},{"id":10835,"type":"支出","in":"","out":"-1000","info":"任务44支出","time":"2016-04-12 12:20"},{"id":10568,"type":"充值","in":"+500","out":"","info":"任务45充值","time":"2016-04-12 12:20"},{"id":10866,"type":"支出","in":"","out":"-1000","info":"任务46支出","time":"2016-04-12 12:20"},{"id":10016,"type":"支出","in":"","out":"-1000","info":"任务47支出","time":"2016-04-12 12:20"},{"id":10902,"type":"充值","in":"+500","out":"","info":"任务48充值","time":"2016-04-12 12:20"},{"id":10011,"type":"支出","in":"","out":"-1000","info":"任务49支出","time":"2016-04-12 12:20"},{"id":10243,"type":"支出","in":"","out":"-1000","info":"任务50支出","time":"2016-04-12 12:20"},{"id":10629,"type":"充值","in":"+500","out":"","info":"任务51充值","time":"2016-04-12 12:20"},{"id":10689,"type":"支出","in":"","out":"-1000","info":"任务52支出","time":"2016-04-12 12:20"},{"id":10842,"type":"支出","in":"","out":"-1000","info":"任务53支出","time":"2016-04-12 12:20"},{"id":10933,"type":"充值","in":"+500","out":"","info":"任务54充值","time":"2016-04-12 12:20"},{"id":10424,"type":"支出","in":"","out":"-1000","info":"任务55支出","time":"2016-04-12 12:20"},{"id":10237,"type":"支出","in":"","out":"-1000","info":"任务56支出","time":"2016-04-12 12:20"},{"id":10546,"type":"充值","in":"+500","out":"","info":"任务57充值","time":"2016-04-12 12:20"},{"id":10355,"type":"支出","in":"","out":"-1000","info":"任务58支出","time":"2016-04-12 12:20"},{"id":10347,"type":"支出","in":"","out":"-1000","info":"任务59支出","time":"2016-04-12 12:20"},{"id":10937,"type":"充值","in":"+500","out":"","info":"任务60充值","time":"2016-04-12 12:20"},{"id":10306,"type":"支出","in":"","out":"-1000","info":"任务61支出","time":"2016-04-12 12:20"},{"id":10420,"type":"支出","in":"","out":"-1000","info":"任务62支出","time":"2016-04-12 12:20"},{"id":10024,"type":"充值","in":"+500","out":"","info":"任务63充值","time":"2016-04-12 12:20"},{"id":10223,"type":"支出","in":"","out":"-1000","info":"任务64支出","time":"2016-04-12 12:20"},{"id":10875,"type":"支出","in":"","out":"-1000","info":"任务65支出","time":"2016-04-12 12:20"},{"id":10116,"type":"充值","in":"+500","out":"","info":"任务66充值","time":"2016-04-12 12:20"},{"id":10546,"type":"支出","in":"","out":"-1000","info":"任务67支出","time":"2016-04-12 12:20"},{"id":10171,"type":"支出","in":"","out":"-1000","info":"任务68支出","time":"2016-04-12 12:20"},{"id":10094,"type":"充值","in":"+500","out":"","info":"任务69充值","time":"2016-04-12 12:20"},{"id":10784,"type":"支出","in":"","out":"-1000","info":"任务70支出","time":"2016-04-12 12:20"},{"id":10768,"type":"支出","in":"","out":"-1000","info":"任务71支出","time":"2016-04-12 12:20"},{"id":10454,"type":"充值","in":"+500","out":"","info":"任务72充值","time":"2016-04-12 12:20"},{"id":10967,"type":"支出","in":"","out":"-1000","info":"任务73支出","time":"2016-04-12 12:20"},{"id":10179,"type":"支出","in":"","out":"-1000","info":"任务74支出","time":"2016-04-12 12:20"},{"id":10345,"type":"充值","in":"+500","out":"","info":"任务75充值","time":"2016-04-12 12:20"},{"id":10988,"type":"支出","in":"","out":"-1000","info":"任务76支出","time":"2016-04-12 12:20"},{"id":10936,"type":"支出","in":"","out":"-1000","info":"任务77支出","time":"2016-04-12 12:20"},{"id":10884,"type":"充值","in":"+500","out":"","info":"任务78充值","time":"2016-04-12 12:20"},{"id":10757,"type":"支出","in":"","out":"-1000","info":"任务79支出","time":"2016-04-12 12:20"},{"id":10103,"type":"支出","in":"","out":"-1000","info":"任务80支出","time":"2016-04-12 12:20"},{"id":10564,"type":"充值","in":"+500","out":"","info":"任务81充值","time":"2016-04-12 12:20"},{"id":10474,"type":"支出","in":"","out":"-1000","info":"任务82支出","time":"2016-04-12 12:20"},{"id":10895,"type":"支出","in":"","out":"-1000","info":"任务83支出","time":"2016-04-12 12:20"},{"id":10778,"type":"充值","in":"+500","out":"","info":"任务84充值","time":"2016-04-12 12:20"},{"id":10346,"type":"支出","in":"","out":"-1000","info":"任务85支出","time":"2016-04-12 12:20"},{"id":10657,"type":"支出","in":"","out":"-1000","info":"任务86支出","time":"2016-04-12 12:20"},{"id":10383,"type":"充值","in":"+500","out":"","info":"任务87充值","time":"2016-04-12 12:20"},{"id":10102,"type":"支出","in":"","out":"-1000","info":"任务88支出","time":"2016-04-12 12:20"},{"id":10195,"type":"支出","in":"","out":"-1000","info":"任务89支出","time":"2016-04-12 12:20"},{"id":10798,"type":"充值","in":"+500","out":"","info":"任务90充值","time":"2016-04-12 12:20"},{"id":10640,"type":"支出","in":"","out":"-1000","info":"任务91支出","time":"2016-04-12 12:20"},{"id":10900,"type":"支出","in":"","out":"-1000","info":"任务92支出","time":"2016-04-12 12:20"},{"id":10219,"type":"充值","in":"+500","out":"","info":"任务93充值","time":"2016-04-12 12:20"},{"id":10668,"type":"支出","in":"","out":"-1000","info":"任务94支出","time":"2016-04-12 12:20"},{"id":10776,"type":"支出","in":"","out":"-1000","info":"任务95支出","time":"2016-04-12 12:20"},{"id":10485,"type":"充值","in":"+500","out":"","info":"任务96充值","time":"2016-04-12 12:20"},{"id":10550,"type":"支出","in":"","out":"-1000","info":"任务97支出","time":"2016-04-12 12:20"},{"id":10375,"type":"支出","in":"","out":"-1000","info":"任务98支出","time":"2016-04-12 12:20"},{"id":10516,"type":"充值","in":"+500","out":"","info":"任务99充值","time":"2016-04-12 12:20"},{"id":10652,"type":"支出","in":"","out":"-1000","info":"任务100支出","time":"2016-04-12 12:20"}]}
