{"missions":[{"id":10574,"title":"任务1","status":"进行中","beginTime":"2016-04-12 12:20","finishTime":"2016-05-12 12:20","strategy":"微博","unitPrice":2,"amount":34,"remain":18,"totalPrice":56},{"id":10463,"title":"任务2","status":"进行中","beginTime":"2016-04-12 12:20","finishTime":"2016-05-12 12:20","strategy":"微博","unitPrice":7,"amount":25,"remain":26,"totalPrice":118},{"id":10287,"title":"任务3","status":"已完成","beginTime":"2016-04-12 12:20","finishTime":"2016-05-12 12:20","strategy":"微信","unitPrice":8,"amount":39,"remain":11,"totalPrice":206},{"id":10652,"title":"任务4","status":"进行中","beginTime":"2016-04-12 12:20","finishTime":"2016-05-12 12:20","strategy":"微博","unitPrice":4,"amount":33,"remain":24,"totalPrice":141},{"id":10492,"title":"任务5","status":"进行中","beginTime":"2016-04-12 12:20","finishTime":"2016-05-12 12:20","strategy":"微博","unitPrice":11,"amount":39,"remain":24,"totalPrice":223},{"id":10186,"title":"任务6","status":"已完成","beginTime":"2016-04-12 12:20","finishTime":"2016-05-12 12:20","strategy":"微信","unitPrice":7,"amount":28,"remain":12,"totalPrice":70},{"id":10772,"title":"任务7","status":"进行中","beginTime":"2016-04-12 12:20","finishTime":"2016-05-12 12:20","strategy":"微博","unitPrice":7,"amount":34,"remain":12,"totalPrice":212},{"id":10108,"title":"任务8","status":"进行中","beginTime":"2016-04-12 12:20","finishTime":"2016-05-12 12:20","strategy":"微博","unitPrice":6,"amount":23,"remain":11,"totalPrice":72},{"id":10024,"title":"任务9","status":"已完成","beginTime":"2016-04-12 12:20","finishTime":"2016-05-12 12:20","strategy":"微信","unitPrice":5,"amount":22,"remain":11,"totalPrice":76},{"id":10594,"title":"任务10","status":"进行中","beginTime":"2016-04-12 12:20","finishTime":"2016-05-12 12:20","strategy":"微博","unitPrice":8,"amount":37,"remain":24,"totalPrice":164},{"id":10201,"title":"任务11","status":"进行中","beginTime":"2016-04-12 12:20","finishTime":"2016-05-12 12:20","strategy":"微博","unitPrice":8,"amount":30,"remain":20,"totalPrice":214},{"id":10365,"title":"任务12","status":"已完成","beginTime":"2016-04-12 12:20","finishTime":"2016-05-12 12:20","strategy":"微信","unitPrice":3,"amount":38,"remain":26,"totalPrice":82},{"id":10887,"title":"任务13","status":"进行中","beginTime":"2016-04-12 12:20","finishTime":"2016-05-12 12:20","strategy":"微博","unitPrice":11,"amount":29,"remain":23,"totalPrice":225},{"id":10293,"title":"任务14","status":"进行中","beginTime":"2016-04-12 12:20","finishTime":"2016-05-12 12:20","strategy":"微博","unitPrice":5,"amount":25,"remain":17,"totalPrice":201},{"id":10109,"title":"任务15","status":"已完成","beginTime":"2016-04-12 12:20","finishTime":"2016-05-12 12:20","strategy":"微信","unitPrice":6,"amount":33,"remain":20,"totalPrice":223},{"id":10108,"title":"任务16","status":"进行中","beginTime":"2016-04-12 12:20","finishTime":"2016-05-12 12:20","strategy":"微博","unitPrice":4,"amount":38,"remain":17,"totalPrice":51},{"id":10467,"title":"任务17","status":"进行中","beginTime":"2016-04-12 12:20","finishTime":"2016-05-12 12:20","strategy":"微博","unitPrice":8,"amount":35,"remain":26,"totalPrice":232},{"id":10468,"title":"任务18","status":"已完成","beginTime":"2016-04-12 12:20","finishTime":"2016-05-12 12:20","strategy":"微信","unitPrice":9,"amount":25,"remain":15,"totalPrice":135},{"id":10626,"title":"任务19","status":"进行中","beginTime":"2016-04-12 12:20","finishTime":"2016-05-12 12:20","strategy":"微博","unitPrice":7,"amount":31,"remain":12,"totalPrice":191},{"id":10570,"title":"任务20","status":"进行中","beginTime":"2016-04-12 12:20","finishTime":"2016-05-12 12:20","strategy":"微博","unitPrice":11,"amount":23,"remain":12,"totalPrice":86},{"id":10329,"title":"任务21","status":"已完成","beginTime":"2016-04-12 12:20","finishTime":"2016-05-12 12:20","strategy":"微信","unitPrice":10,"amount":37,"remain":18,"totalPrice":127},{"id":10764,"title":"任务22","status":"进行中","beginTime":"2016-04-12 12:20","finishTime":"2016-05-12 12:20","strategy":"微博","unitPrice":9,"amount":24,"remain":15,"totalPrice":71},{"id":10659,"title":"任务23","status":"进行中","beginTime":"2016-04-12 12:20","finishTime":"2016-05-12 12:20","strategy":"微博","unitPrice":3,"amount":36,"remain":14,"totalPrice":98},{"id":10462,"title":"任务24","status":"已完成","beginTime":"2016-04-12 12:20","finishTime":"2016-05-12 12:20","strategy":"微信","unitPrice":3,"amount":25,"remain":11,"totalPrice":57},{"id":10922,"title":"任务25","status":"进行中","beginTime":"2016-04-12 12:20","finishTime":"2016-05-12 12:20","strategy":"微博","unitPrice":2,"amount":29,"remain":19,"totalPrice":108},{"id":10266,"title":"任务26","status":"进行中","beginTime":"2016-04-12 12:20","finishTime":"2016-05-12 12:20","strategy":"微博","unitPrice":10,"amount":29,"remain":12,"totalPrice":103},{"id":10691,"title":"任务27","status":"已完成","beginTime":"2016-04-12 12:20","finishTime":"2016-05-12 12:20","strategy":"微信","unitPrice":7,"amount":35,"remain":12,"totalPrice":143},{"id":10217,"title":"任务28","status":"进行中","beginTime":"2016-04-12 12:20","finishTime":"2016-05-12 12:20","strategy":"微博","unitPrice":10,"amount":27,"remain":25,"totalPrice":230},{"id":10268,"title":"任务29","status":"进行中","beginTime":"2016-04-12 12:20","finishTime":"2016-05-12 12:20","strategy":"微博","unitPrice":6,"amount":29,"remain":13,"totalPrice":248},{"id":10718,"title":"任务30","status":"已完成","beginTime":"2016-04-12 12:20","finishTime":"2016-05-12 12:20","strategy":"微信","unitPrice":10,"amount":29,"remain":21,"totalPrice":65},{"id":10104,"title":"任务31","status":"进行中","beginTime":"2016-04-12 12:20","finishTime":"2016-05-12 12:20","strategy":"微博","unitPrice":9,"amount":21,"remain":24,"totalPrice":82},{"id":10711,"title":"任务32","status":"进行中","beginTime":"2016-04-12 12:20","finishTime":"2016-05-12 12:20","strategy":"微博","unitPrice":10,"amount":25,"remain":24,"totalPrice":194},{"id":10956,"title":"任务33","status":"已完成","beginTime":"2016-04-12 12:20","finishTime":"2016-05-12 12:20","strategy":"微信","unitPrice":7,"amount":38,"remain":23,"totalPrice":91},{"id":10658,"title":"任务34","status":"进行中","beginTime":"2016-04-12 12:20","finishTime":"2016-05-12 12:20","strategy":"微博","unitPrice":8,"amount":27,"remain":26,"totalPrice":233},{"id":10929,"title":"任务35","status":"进行中","beginTime":"2016-04-12 12:20","finishTime":"2016-05-12 12:20","strategy":"微博","unitPrice":9,"amount":39,"remain":24,"totalPrice":149},{"id":10798,"title":"任务36","status":"已完成","beginTime":"2016-04-12 12:20","finishTime":"2016-05-12 12:20","strategy":"微信","unitPrice":11,"amount":29,"remain":12,"totalPrice":196},{"id":10487,"title":"任务37","status":"进行中","beginTime":"2016-04-12 12:20","finishTime":"2016-05-12 12:20","strategy":"微博","unitPrice":9,"amount":34,"remain":16,"totalPrice":72},{"id":10313,"title":"任务38","status":"进行中","beginTime":"2016-04-12 12:20","finishTime":"2016-05-12 12:20","strategy":"微博","unitPrice":5,"amount":33,"remain":17,"totalPrice":82},{"id":10145,"title":"任务39","status":"已完成","beginTime":"2016-04-12 12:20","finishTime":"2016-05-12 12:20","strategy":"微信","unitPrice":10,"amount":20,"remain":19,"totalPrice":183},{"id":10755,"title":"任务40","status":"进行中","beginTime":"2016-04-12 12:20","finishTime":"2016-05-12 12:20","strategy":"微博","unitPrice":7,"amount":39,"remain":17,"totalPrice":178},{"id":10140,"title":"任务41","status":"进行中","beginTime":"2016-04-12 12:20","finishTime":"2016-05-12 12:20","strategy":"微博","unitPrice":7,"amount":39,"remain":24,"totalPrice":142},{"id":10393,"title":"任务42","status":"已完成","beginTime":"2016-04-12 12:20","finishTime":"2016-05-12 12:20","strategy":"微信","unitPrice":7,"amount":24,"remain":23,"totalPrice":245},{"id":10253,"title":"任务43","status":"进行中","beginTime":"2016-04-12 12:20","finishTime":"2016-05-12 12:20","strategy":"微博","unitPrice":2,"amount":30,"remain":21,"totalPrice":148},{"id":10220,"title":"任务44","status":"进行中","beginTime":"2016-04-12 12:20","finishTime":"2016-05-12 12:20","strategy":"微博","unitPrice":4,"amount":30,"remain":15,"totalPrice":89},{"id":10660,"title":"任务45","status":"已完成","beginTime":"2016-04-12 12:20","finishTime":"2016-05-12 12:20","strategy":"微信","unitPrice":3,"amount":30,"remain":20,"totalPrice":140},{"id":10949,"title":"任务46","status":"进行中","beginTime":"2016-04-12 12:20","finishTime":"2016-05-12 12:20","strategy":"微博","unitPrice":3,"amount":20,"remain":24,"totalPrice":219},{"id":10171,"title":"任务47","status":"进行中","beginTime":"2016-04-12 12:20","finishTime":"2016-05-12 12:20","strategy":"微博","unitPrice":7,"amount":36,"remain":12,"totalPrice":77},{"id":10716,"title":"任务48","status":"已完成","beginTime":"2016-04-12 12:20","finishTime":"2016-05-12 12:20","strategy":"微信","unitPrice":10,"amount":22,"remain":11,"totalPrice":159},{"id":10710,"title":"任务49","status":"进行中","beginTime":"2016-04-12 12:20","finishTime":"2016-05-12 12:20","strategy":"微博","unitPrice":8,"amount":22,"remain":13,"totalPrice":194},{"id":10312,"title":"任务50","status":"进行中","beginTime":"2016-04-12 12:20","finishTime":"2016-05-12 12:20","strategy":"微博","unitPrice":3,"amount":27,"remain":16,"totalPrice":57},{"id":10602,"title":"任务51","status":"已完成","beginTime":"2016-04-12 12:20","finishTime":"2016-05-12 12:20","strategy":"微信","unitPrice":3,"amount":22,"remain":14,"totalPrice":112},{"id":10717,"title":"任务52","status":"进行中","beginTime":"2016-04-12 12:20","finishTime":"2016-05-12 12:20","strategy":"微博","unitPrice":8,"amount":33,"remain":16,"totalPrice":104},{"id":10516,"title":"任务53","status":"进行中","beginTime":"2016-04-12 12:20","finishTime":"2016-05-12 12:20","strategy":"微博","unitPrice":11,"amount":22,"remain":21,"totalPrice":82},{"id":10318,"title":"任务54","status":"已完成","beginTime":"2016-04-12 12:20","finishTime":"2016-05-12 12:20","strategy":"微信","unitPrice":11,"amount":22,"remain":13,"totalPrice":130},{"id":10119,"title":"任务55","status":"进行中","beginTime":"2016-04-12 12:20","finishTime":"2016-05-12 12:20","strategy":"微博","unitPrice":6,"amount":27,"remain":24,"totalPrice":187},{"id":10235,"title":"任务56","status":"进行中","beginTime":"2016-04-12 12:20","finishTime":"2016-05-12 12:20","strategy":"微博","unitPrice":9,"amount":38,"remain":25,"totalPrice":119},{"id":10142,"title":"任务57","status":"已完成","beginTime":"2016-04-12 12:20","finishTime":"2016-05-12 12:20","strategy":"微信","unitPrice":2,"amount":34,"remain":20,"totalPrice":69},{"id":10395,"title":"任务58","status":"进行中","beginTime":"2016-04-12 12:20","finishTime":"2016-05-12 12:20","strategy":"微博","unitPrice":2,"amount":24,"remain":20,"totalPrice":189},{"id":10820,"title":"任务59","status":"进行中","beginTime":"2016-04-12 12:20","finishTime":"2016-05-12 12:20","strategy":"微博","unitPrice":10,"amount":35,"remain":27,"totalPrice":124},{"id":10461,"title":"任务60","status":"已完成","beginTime":"2016-04-12 12:20","finishTime":"2016-05-12 12:20","strategy":"微信","unitPrice":4,"amount":39,"remain":26,"totalPrice":127},{"id":10852,"title":"任务61","status":"进行中","beginTime":"2016-04-12 12:20","finishTime":"2016-05-12 12:20","strategy":"微博","unitPrice":7,"amount":20,"remain":14,"totalPrice":132},{"id":10802,"title":"任务62","status":"进行中","beginTime":"2016-04-12 12:20","finishTime":"2016-05-12 12:20","strategy":"微博","unitPrice":2,"amount":34,"remain":16,"totalPrice":88},{"id":10319,"title":"任务63","status":"已完成","beginTime":"2016-04-12 12:20","finishTime":"2016-05-12 12:20","strategy":"微信","unitPrice":9,"amount":23,"remain":19,"totalPrice":131},{"id":10948,"title":"任务64","status":"进行中","beginTime":"2016-04-12 12:20","finishTime":"2016-05-12 12:20","strategy":"微博","unitPrice":6,"amount":20,"remain":23,"totalPrice":214},{"id":10778,"title":"任务65","status":"进行中","beginTime":"2016-04-12 12:20","finishTime":"2016-05-12 12:20","strategy":"微博","unitPrice":9,"amount":39,"remain":13,"totalPrice":70},{"id":10087,"title":"任务66","status":"已完成","beginTime":"2016-04-12 12:20","finishTime":"2016-05-12 12:20","strategy":"微信","unitPrice":2,"amount":20,"remain":21,"totalPrice":77},{"id":10391,"title":"任务67","status":"进行中","beginTime":"2016-04-12 12:20","finishTime":"2016-05-12 12:20","strategy":"微博","unitPrice":4,"amount":22,"remain":19,"totalPrice":84},{"id":10828,"title":"任务68","status":"进行中","beginTime":"2016-04-12 12:20","finishTime":"2016-05-12 12:20","strategy":"微博","unitPrice":11,"amount":33,"remain":13,"totalPrice":149},{"id":10204,"title":"任务69","status":"已完成","beginTime":"2016-04-12 12:20","finishTime":"2016-05-12 12:20","strategy":"微信","unitPrice":8,"amount":30,"remain":25,"totalPrice":175},{"id":10222,"title":"任务70","status":"进行中","beginTime":"2016-04-12 12:20","finishTime":"2016-05-12 12:20","strategy":"微博","unitPrice":5,"amount":24,"remain":16,"totalPrice":82},{"id":10978,"title":"任务71","status":"进行中","beginTime":"2016-04-12 12:20","finishTime":"2016-05-12 12:20","strategy":"微博","unitPrice":6,"amount":37,"remain":10,"totalPrice":126},{"id":10154,"title":"任务72","status":"已完成","beginTime":"2016-04-12 12:20","finishTime":"2016-05-12 12:20","strategy":"微信","unitPrice":3,"amount":38,"remain":12,"totalPrice":232},{"id":10459,"title":"任务73","status":"进行中","beginTime":"2016-04-12 12:20","finishTime":"2016-05-12 12:20","strategy":"微博","unitPrice":9,"amount":30,"remain":24,"totalPrice":196},{"id":10319,"title":"任务74","status":"进行中","beginTime":"2016-04-12 12:20","finishTime":"2016-05-12 12:20","strategy":"微博","unitPrice":7,"amount":27,"remain":16,"totalPrice":68},{"id":10994,"title":"任务75","status":"已完成","beginTime":"2016-04-12 12:20","finishTime":"2016-05-12 12:20","strategy":"微信","unitPrice":10,"amount":34,"remain":19,"totalPrice":194},{"id":10351,"title":"任务76","status":"进行中","beginTime":"2016-04-12 12:20","finishTime":"2016-05-12 12:20","strategy":"微博","unitPrice":10,"amount":23,"remain":18,"totalPrice":108},{"id":10098,"title":"任务77","status":"进行中","beginTime":"2016-04-12 12:20","finishTime":"2016-05-12 12:20","strategy":"微博","unitPrice":4,"amount":33,"remain":14,"totalPrice":55},{"id":10491,"title":"任务78","status":"已完成","beginTime":"2016-04-12 12:20","finishTime":"2016-05-12 12:20","strategy":"微信","unitPrice":6,"amount":30,"remain":26,"totalPrice":187},{"id":10066,"title":"任务79","status":"进行中","beginTime":"2016-04-12 12:20","finishTime":"2016-05-12 12:20","strategy":"微博","unitPrice":5,"amount":30,"remain":19,"totalPrice":171},{"id":10572,"title":"任务80","status":"进行中","beginTime":"2016-04-12 12:20","finishTime":"2016-05-12 12:20","strategy":"微博","unitPrice":2,"amount":28,"remain":25,"totalPrice":185},{"id":10915,"title":"任务81","status":"已完成","beginTime":"2016-04-12 12:20","finishTime":"2016-05-12 12:20","strategy":"微信","unitPrice":9,"amount":29,"remain":13,"totalPrice":181},{"id":10956,"title":"任务82","status":"进行中","beginTime":"2016-04-12 12:20","finishTime":"2016-05-12 12:20","strategy":"微博","unitPrice":10,"amount":29,"remain":19,"totalPrice":215},{"id":10365,"title":"任务83","status":"进行中","beginTime":"2016-04-12 12:20","finishTime":"2016-05-12 12:20","strategy":"微博","unitPrice":8,"amount":33,"remain":27,"totalPrice":127},{"id":10164,"title":"任务84","status":"已完成","beginTime":"2016-04-12 12:20","finishTime":"2016-05-12 12:20","strategy":"微信","unitPrice":9,"amount":20,"remain":13,"totalPrice":92},{"id":10143,"title":"任务85","status":"进行中","beginTime":"2016-04-12 12:20","finishTime":"2016-05-12 12:20","strategy":"微博","unitPrice":4,"amount":31,"remain":23,"totalPrice":149},{"id":10648,"title":"任务86","status":"进行中","beginTime":"2016-04-12 12:20","finishTime":"2016-05-12 12:20","strategy":"微博","unitPrice":6,"amount":22,"remain":25,"totalPrice":62},{"id":10144,"title":"任务87","status":"已完成","beginTime":"2016-04-12 12:20","finishTime":"2016-05-12 12:20","strategy":"微信","unitPrice":11,"amount":22,"remain":10,"totalPrice":166},{"id":10317,"title":"任务88","status":"进行中","beginTime":"2016-04-12 12:20","finishTime":"2016-05-12 12:20","strategy":"微博","unitPrice":11,"amount":38,"remain":22,"totalPrice":239},{"id":10156,"title":"任务89","status":"进行中","beginTime":"2016-04-12 12:20","finishTime":"2016-05-12 12:20","strategy":"微博","unitPrice":8,"amount":24,"remain":16,"totalPrice":198},{"id":10225,"title":"任务90","status":"已完成","beginTime":"2016-04-12 12:20","finishTime":"2016-05-12 12:20","strategy":"微信","unitPrice":7,"amount":29,"remain":12,"totalPrice":190},{"id":10210,"title":"任务91","status":"进行中","beginTime":"2016-04-12 12:20","finishTime":"2016-05-12 12:20","strategy":"微博","unitPrice":11,"amount":31,"remain":18,"totalPrice":137},{"id":10613,"title":"任务92","status":"进行中","beginTime":"2016-04-12 12:20","finishTime":"2016-05-12 12:20","strategy":"微博","unitPrice":11,"amount":32,"remain":15,"totalPrice":75},{"id":10395,"title":"任务93","status":"已完成","beginTime":"2016-04-12 12:20","finishTime":"2016-05-12 12:20","strategy":"微信","unitPrice":9,"amount":36,"remain":23,"totalPrice":159},{"id":10458,"title":"任务94","status":"进行中","beginTime":"2016-04-12 12:20","finishTime":"2016-05-12 12:20","strategy":"微博","unitPrice":5,"amount":30,"remain":12,"totalPrice":143},{"id":10414,"title":"任务95","status":"进行中","beginTime":"2016-04-12 12:20","finishTime":"2016-05-12 12:20","strategy":"微博","unitPrice":7,"amount":35,"remain":22,"totalPrice":244},{"id":10231,"title":"任务96","status":"已完成","beginTime":"2016-04-12 12:20","finishTime":"2016-05-12 12:20","strategy":"微信","unitPrice":2,"amount":24,"remain":26,"totalPrice":62},{"id":10117,"title":"任务97","status":"进行中","beginTime":"2016-04-12 12:20","finishTime":"2016-05-12 12:20","strategy":"微博","unitPrice":10,"amount":28,"remain":27,"totalPrice":60},{"id":10208,"title":"任务98","status":"进行中","beginTime":"2016-04-12 12:20","finishTime":"2016-05-12 12:20","strategy":"微博","unitPrice":7,"amount":32,"remain":13,"totalPrice":186},{"id":10659,"title":"任务99","status":"已完成","beginTime":"2016-04-12 12:20","finishTime":"2016-05-12 12:20","strategy":"微信","unitPrice":6,"amount":22,"remain":27,"totalPrice":127},{"id":10829,"title":"任务100","status":"进行中","beginTime":"2016-04-12 12:20","finishTime":"2016-05-12 12:20","strategy":"微博","unitPrice":7,"amount":34,"remain":26,"totalPrice":193}]}
