{"items":[{"id":10837,"missions":562,"repost":"","account":1091,"finished":"99%","time":"2016-04-12 12:20"},{"id":10029,"missions":584,"repost":"","account":1082,"finished":"99%","time":"2016-04-12 12:20"},{"id":10080,"missions":511,"repost":"+500","account":1094,"finished":"99%","time":"2016-04-12 12:20"},{"id":10977,"missions":511,"repost":"","account":1092,"finished":"99%","time":"2016-04-12 12:20"},{"id":10805,"missions":547,"repost":"","account":1026,"finished":"99%","time":"2016-04-12 12:20"},{"id":10274,"missions":576,"repost":"+500","account":1026,"finished":"99%","time":"2016-04-12 12:20"},{"id":10426,"missions":578,"repost":"","account":1019,"finished":"99%","time":"2016-04-12 12:20"},{"id":10887,"missions":573,"repost":"","account":1088,"finished":"99%","time":"2016-04-12 12:20"},{"id":10503,"missions":503,"repost":"+500","account":1061,"finished":"99%","time":"2016-04-12 12:20"},{"id":10768,"missions":534,"repost":"","account":1095,"finished":"99%","time":"2016-04-12 12:20"},{"id":10203,"missions":554,"repost":"","account":1057,"finished":"99%","time":"2016-04-12 12:20"},{"id":10633,"missions":523,"repost":"+500","account":1081,"finished":"99%","time":"2016-04-12 12:20"},{"id":10959,"missions":539,"repost":"","account":1005,"finished":"99%","time":"2016-04-12 12:20"},{"id":10943,"missions":569,"repost":"","account":1090,"finished":"99%","time":"2016-04-12 12:20"},{"id":10083,"missions":536,"repost":"+500","account":1068,"finished":"99%","time":"2016-04-12 12:20"},{"id":10168,"missions":501,"repost":"","account":1014,"finished":"99%","time":"2016-04-12 12:20"},{"id":10196,"missions":519,"repost":"","account":1060,"finished":"99%","time":"2016-04-12 12:20"},{"id":10749,"missions":570,"repost":"+500","account":1099,"finished":"99%","time":"2016-04-12 12:20"},{"id":10153,"missions":512,"repost":"","account":1050,"finished":"99%","time":"2016-04-12 12:20"},{"id":10505,"missions":548,"repost":"","account":1057,"finished":"99%","time":"2016-04-12 12:20"},{"id":10528,"missions":548,"repost":"+500","account":1038,"finished":"99%","time":"2016-04-12 12:20"},{"id":10396,"missions":577,"repost":"","account":1093,"finished":"99%","time":"2016-04-12 12:20"},{"id":10242,"missions":587,"repost":"","account":1021,"finished":"99%","time":"2016-04-12 12:20"},{"id":10354,"missions":586,"repost":"+500","account":1098,"finished":"99%","time":"2016-04-12 12:20"},{"id":10861,"missions":596,"repost":"","account":1078,"finished":"99%","time":"2016-04-12 12:20"},{"id":10438,"missions":592,"repost":"","account":1017,"finished":"99%","time":"2016-04-12 12:20"},{"id":10751,"missions":589,"repost":"+500","account":1051,"finished":"99%","time":"2016-04-12 12:20"},{"id":10566,"missions":527,"repost":"","account":1081,"finished":"99%","time":"2016-04-12 12:20"},{"id":10435,"missions":593,"repost":"","account":1047,"finished":"99%","time":"2016-04-12 12:20"},{"id":10543,"missions":514,"repost":"+500","account":1058,"finished":"99%","time":"2016-04-12 12:20"},{"id":10586,"missions":590,"repost":"","account":1037,"finished":"99%","time":"2016-04-12 12:20"},{"id":10566,"missions":511,"repost":"","account":1000,"finished":"99%","time":"2016-04-12 12:20"},{"id":10090,"missions":529,"repost":"+500","account":1079,"finished":"99%","time":"2016-04-12 12:20"},{"id":10239,"missions":513,"repost":"","account":1048,"finished":"99%","time":"2016-04-12 12:20"},{"id":10405,"missions":558,"repost":"","account":1059,"finished":"99%","time":"2016-04-12 12:20"},{"id":10290,"missions":571,"repost":"+500","account":1076,"finished":"99%","time":"2016-04-12 12:20"},{"id":10224,"missions":540,"repost":"","account":1091,"finished":"99%","time":"2016-04-12 12:20"},{"id":10202,"missions":548,"repost":"","account":1070,"finished":"99%","time":"2016-04-12 12:20"},{"id":10510,"missions":548,"repost":"+500","account":1037,"finished":"99%","time":"2016-04-12 12:20"},{"id":10044,"missions":512,"repost":"","account":1060,"finished":"99%","time":"2016-04-12 12:20"},{"id":10270,"missions":543,"repost":"","account":1013,"finished":"99%","time":"2016-04-12 12:20"},{"id":10563,"missions":564,"repost":"+500","account":1013,"finished":"99%","time":"2016-04-12 12:20"},{"id":10330,"missions":519,"repost":"","account":1084,"finished":"99%","time":"2016-04-12 12:20"},{"id":10994,"missions":547,"repost":"","account":1066,"finished":"99%","time":"2016-04-12 12:20"},{"id":10791,"missions":551,"repost":"+500","account":1097,"finished":"99%","time":"2016-04-12 12:20"},{"id":10911,"missions":573,"repost":"","account":1041,"finished":"99%","time":"2016-04-12 12:20"},{"id":10503,"missions":578,"repost":"","account":1032,"finished":"99%","time":"2016-04-12 12:20"},{"id":10591,"missions":536,"repost":"+500","account":1076,"finished":"99%","time":"2016-04-12 12:20"},{"id":10620,"missions":596,"repost":"","account":1008,"finished":"99%","time":"2016-04-12 12:20"},{"id":10046,"missions":541,"repost":"","account":1003,"finished":"99%","time":"2016-04-12 12:20"},{"id":10744,"missions":508,"repost":"+500","account":1027,"finished":"99%","time":"2016-04-12 12:20"},{"id":10844,"missions":503,"repost":"","account":1035,"finished":"99%","time":"2016-04-12 12:20"},{"id":10231,"missions":563,"repost":"","account":1054,"finished":"99%","time":"2016-04-12 12:20"},{"id":10940,"missions":549,"repost":"+500","account":1097,"finished":"99%","time":"2016-04-12 12:20"},{"id":10452,"missions":560,"repost":"","account":1057,"finished":"99%","time":"2016-04-12 12:20"},{"id":10298,"missions":564,"repost":"","account":1079,"finished":"99%","time":"2016-04-12 12:20"},{"id":10624,"missions":566,"repost":"+500","account":1073,"finished":"99%","time":"2016-04-12 12:20"},{"id":10873,"missions":508,"repost":"","account":1080,"finished":"99%","time":"2016-04-12 12:20"},{"id":10959,"missions":519,"repost":"","account":1066,"finished":"99%","time":"2016-04-12 12:20"},{"id":10432,"missions":590,"repost":"+500","account":1044,"finished":"99%","time":"2016-04-12 12:20"},{"id":10841,"missions":525,"repost":"","account":1064,"finished":"99%","time":"2016-04-12 12:20"},{"id":10399,"missions":581,"repost":"","account":1091,"finished":"99%","time":"2016-04-12 12:20"},{"id":10861,"missions":502,"repost":"+500","account":1054,"finished":"99%","time":"2016-04-12 12:20"},{"id":10755,"missions":525,"repost":"","account":1057,"finished":"99%","time":"2016-04-12 12:20"},{"id":10435,"missions":567,"repost":"","account":1054,"finished":"99%","time":"2016-04-12 12:20"},{"id":10035,"missions":576,"repost":"+500","account":1099,"finished":"99%","time":"2016-04-12 12:20"},{"id":10666,"missions":520,"repost":"","account":1048,"finished":"99%","time":"2016-04-12 12:20"},{"id":10877,"missions":577,"repost":"","account":1052,"finished":"99%","time":"2016-04-12 12:20"},{"id":10419,"missions":512,"repost":"+500","account":1061,"finished":"99%","time":"2016-04-12 12:20"},{"id":10833,"missions":501,"repost":"","account":1099,"finished":"99%","time":"2016-04-12 12:20"},{"id":10220,"missions":566,"repost":"","account":1044,"finished":"99%","time":"2016-04-12 12:20"},{"id":10067,"missions":524,"repost":"+500","account":1094,"finished":"99%","time":"2016-04-12 12:20"},{"id":10841,"missions":571,"repost":"","account":1010,"finished":"99%","time":"2016-04-12 12:20"},{"id":10316,"missions":571,"repost":"","account":1016,"finished":"99%","time":"2016-04-12 12:20"},{"id":10820,"missions":514,"repost":"+500","account":1009,"finished":"99%","time":"2016-04-12 12:20"},{"id":10774,"missions":516,"repost":"","account":1017,"finished":"99%","time":"2016-04-12 12:20"},{"id":10537,"missions":537,"repost":"","account":1052,"finished":"99%","time":"2016-04-12 12:20"},{"id":10660,"missions":539,"repost":"+500","account":1010,"finished":"99%","time":"2016-04-12 12:20"},{"id":10918,"missions":599,"repost":"","account":1023,"finished":"99%","time":"2016-04-12 12:20"},{"id":10897,"missions":535,"repost":"","account":1026,"finished":"99%","time":"2016-04-12 12:20"},{"id":10697,"missions":507,"repost":"+500","account":1069,"finished":"99%","time":"2016-04-12 12:20"},{"id":10333,"missions":589,"repost":"","account":1096,"finished":"99%","time":"2016-04-12 12:20"},{"id":10077,"missions":576,"repost":"","account":1080,"finished":"99%","time":"2016-04-12 12:20"},{"id":10813,"missions":589,"repost":"+500","account":1067,"finished":"99%","time":"2016-04-12 12:20"},{"id":10924,"missions":544,"repost":"","account":1057,"finished":"99%","time":"2016-04-12 12:20"},{"id":10344,"missions":530,"repost":"","account":1033,"finished":"99%","time":"2016-04-12 12:20"},{"id":10190,"missions":580,"repost":"+500","account":1014,"finished":"99%","time":"2016-04-12 12:20"},{"id":10749,"missions":549,"repost":"","account":1059,"finished":"99%","time":"2016-04-12 12:20"},{"id":10384,"missions":509,"repost":"","account":1006,"finished":"99%","time":"2016-04-12 12:20"},{"id":10669,"missions":534,"repost":"+500","account":1018,"finished":"99%","time":"2016-04-12 12:20"},{"id":10182,"missions":577,"repost":"","account":1040,"finished":"99%","time":"2016-04-12 12:20"},{"id":10450,"missions":501,"repost":"","account":1059,"finished":"99%","time":"2016-04-12 12:20"},{"id":10203,"missions":561,"repost":"+500","account":1084,"finished":"99%","time":"2016-04-12 12:20"},{"id":10180,"missions":581,"repost":"","account":1085,"finished":"99%","time":"2016-04-12 12:20"},{"id":10747,"missions":506,"repost":"","account":1073,"finished":"99%","time":"2016-04-12 12:20"},{"id":10029,"missions":565,"repost":"+500","account":1057,"finished":"99%","time":"2016-04-12 12:20"},{"id":10260,"missions":546,"repost":"","account":1061,"finished":"99%","time":"2016-04-12 12:20"},{"id":10546,"missions":554,"repost":"","account":1098,"finished":"99%","time":"2016-04-12 12:20"},{"id":10352,"missions":551,"repost":"+500","account":1049,"finished":"99%","time":"2016-04-12 12:20"},{"id":10161,"missions":593,"repost":"","account":1046,"finished":"99%","time":"2016-04-12 12:20"}]}
