{
  "name": "version",
  "base": "PersistedModel",
  "idInjection": true,
  "options": {
    "validateUpsert": true
  },
  "properties": {
    "versionType": {
      "type": "string",
      "required": true
    },
    "url": {
      "type": "string"
    },
    "createTime": {
      "type": "date"
    },
    "h5Version": {
      "type": "string"
    },
    "binMax": {
      "type": "string"
    },
    "binMin": {
      "type": "string"
    },
    "updateTime": {
      "type": "date"
    }
  },
  "validations": [],
  "relations": {},
  "acls": [
    {
      "accessType": "*",
      "principalType": "ROLE",
      "principalId": "$everyone",
      "permission": "DENY"
    },
    {
      "accessType": "*",
      "principalType": "ROLE",
      "principalId": "admin",
      "permission": "ALLOW"
    }
  ],
  "methods": {}
}
